1,"Ciências Exatas e da Terra"
2,"Matemática"
3,"Álgebra"
4,"Conjuntos"
5,"Lógica Matemática"
6,"Teoria dos Números"
7,"Grupos de Álgebra Não-Comutaviva"
8,"Álgebra Comutativa"
9,"Geometria Algébrica"
10,"Análise"
11,"Análise Complexa"
12,"Análise Funcional"
13,"Análise Funcional Não-Linear"
14,"Equações Diferenciais Ordinárias"
15,"Equações Diferenciais Parciais"
16,"Equações Diferenciais Funcionais"
17,"Geometria e Topologia"
18,"Geometria Diferencial"
19,"Topologia Algébrica"
20,"Topologia das Variedades"
21,"Sistemas Dinâmicos"
22,"Teoria das Singularidades e Teoria das Catástrofes"
23,"Teoria das Folheações"
24,"Matemática Aplicada"
25,"Física Matemática"
26,"Análise Numérica"
27,"Matemática Discreta e Combinatória"
28,"Probabilidade e Estatística"
29,"Probabilidade"
30,"Teoria Geral e Fundamentos da Probabilidade"
31,"Teoria Geral e Processos Estocásticos"
32,"Teoremas de Limite"
33,"Processos Markovianos"
34,"Análise Estocástica"
35,"Processos Estocásticos Especiais"
36,"Estatística"
37,"Fundamentos da Estatística"
38,"Inferência Paramétrica"
39,"Inferência Não-Paramétrica"
40,"Inferência em Processos Estocásticos"
41,"Análise Multivariada"
42,"Regressão e Correlação"
43,"Planejamento de Experimentos"
44,"Análise de Dados"
45,"Probabilidade e Estatística Aplicadas"
46,"Ciência da Computação"
47,"Teoria da Computação"
48,"Computabilidade e Modelos de Computação"
49,"Linguagem Formais e Autômatos"
50,"Análise de Algoritmos e Complexidade de Computação"
51,"Lógicas e Semântica de Programas"
52,"Matemática da Computação"
53,"Matemática Simbólica"
54,"Modelos Analíticos e de Simulação"
55,"Metodologia e Técnicas da Computação"
56,"Linguagens de Programação"
57,"Engenharia de Software"
58,"Banco de Dados"
59,"Sistemas de Informação"
60,"Processamento Gráfico (Graphics)"
61,"Sistemas de Computação"
62,"Hardware"
63,"Arquitetura de Sistemas de Computação"
64,"Software Básico"
65,"Teleinformática"
66,"Astronomia"
67,"Astronomia de Posição e Mecânica Celeste"
68,"Astronomia Fundamental"
69,"Astronomia Dinâmica"
70,"Astrofísica Estelar"
71,"Astrofísica do Meio Interestelar"
72,"Meio Interestelar"
73,"Nebulosa"
74,"Astrofísica Extragalactica"
75,"Galáxias"
76,"Aglomerados de Galáxias"
77,"Quasares"
78,"Cosmologia"
79,"Astrofísica do Sistema Solar"
80,"Física Solar"
81,"Movimento da Terra"
82,"Sistema Planetário"
83,"Instrumentação Astronômica"
84,"Astronomia Ótica"
85,"Radioastronomia"
86,"Astronomia Espacial"
87,"Processamento de Dados Astronômicos"
88,"Física"
89,"Física Geral"
90,"Métodos Matemáticos da Física"
91,"Física Clássica e Física Quântica; Mecânica e Campos"
92,"Relatividade e Gravitação"
93,"Física Estatística e Termodinâmica"
94,"Metrologia, Técnicas Gerais de Laboratório, Sistema de Instrumentação"
95,"Instrumentação Específica de Uso Geral em Física"
96,"Áreas Clássicas de Fenomenologia e suas Aplicações"
97,"Eletricidade e Magnetismo; Campos e Partículas Carregadas"
98,"Ótica"
99,"Acústica"
100,"Transferência de Calor; Processos Térmicos e Termodinâmicos"
101,"Mecânica, Elasticidade e Reologia"
102,"Dinâmica dos Fluídos"
103,"Física das Partículas Elementares e Campos"
104,"Teoria Geral de Partículas e Campos"
105,"Teorias Específicas e Modelos de Interação; Sistemática de Partículas; Raios Cósmicos"
106,"Reações Específicas e Fenomiologia de Partículas"
107,"Propriedades de Partículas Específicas e Ressonâncias"
108,"Física Nuclear"
109,"Estrutura Nuclear"
110,"Desintegração Nuclear e Radioatividade"
111,"Reações Nucleares e Espalhamento Geral"
112,"Reações Nucleares e Espalhamento (Reações Específicas)"
113,"Propriedades de Núcleos Específicos"
114,"Métodos Experimentais e Instrumentação para Partículas Elementares e Física Nuclear"
115,"Física Atômica e Molecular"
116,"Estrutura Eletrônica de Átomos e Moléculas; Teoria"
117,"Espectros Atômicos e Integração de Fótons"
118,"Espectros Moleculares e Interações de Fótons com Moléculas"
119,"Processos de Colisão e Interações de Átomos e Moléculas"
120,"Inf. sobre Átomos e Moléculas Obtidos Experimentalmente; Instrumentação e Técnicas"
121,"Estudos de Átomos e Moléculas Especiais"
122,"Física dos Fluídos, Física de Plasmas e Descargas Elétricas"
123,"Cinética e Teoria de Transporte de Fluídos; Propriedades Físicas de Gases"
124,"Física de Plasmas e Descargas Elétricas"
125,"Física da Matéria Condensada"
126,"Estrutura de Líquidos e Sólidos; Cristalografia"
127,"Propriedades Mecânicas e Acústicas da Matéria Condensada"
128,"Dinâmica da Rede e Estatística de Cristais"
129,"Equação de Estado, Equilíbrio de Fases e Transições de Fase"
130,"Propriedades Térmicas da Matéria Condensada"
131,"Propriedades de Transportes de Matéria Condensada (Não Eletrônica)"
132,"Campos Quânticos e Sólidos, Hélio, Líquido, Sólido"
133,"Superfícies e Interfaces; Películas e Filamentos"
134,"Estados Eletrônicos"
135,"Transp. Eletrônicos e Prop. Elétricas de Superfícies; Interfaces e Películas"
136,"Estruturas Eletrônicas e Propriedades Elétricas de Superfícies; Interf. e Partículas"
137,"Supercondutividade"
138,"Materiais Magnéticos e Propriedades Magnéticas"
139,"Ressonância Mag. e Relax. na Mat. Condens; Efeitos Mosbauer; Corr. Ang. Pertubada"
140,"Materiais Dielétricos e Propriedades Dielétricas"
141,"Prop. Óticas e Espectrosc. da Mat. Condens; Outras Inter. da Mat. com Rad. e Part."
142,"Emissão Eletrônica e Iônica por Líquidos e Sólidos; Fenômenos de Impacto"
143,"Química"
144,"Química Orgânica"
145,"Estrutura, Conformação e Estereoquímica"
146,"Síntese Orgânica"
147,"Físico-Química Orgânica"
148,"Fotoquímica Orgânica"
149,"Química dos Produtos Naturais"
150,"Evolução, Sistemática e Ecologia Química"
151,"Polímeros e Colóides"
152,"Química Inorgânica"
153,"Campos de Coordenação"
154,"Não-Metais e Seus Compostos"
155,"Compostos Organo-Metálicos"
156,"Determinação de Estrutura de Compostos Inorgânicos"
157,"Foto-Química Inorgânica"
158,"Físico Química Inorgânica"
159,"Química Bio-Inorgânica"
160,"Físico-Química"
161,"Cinética Química e Catálise"
162,"Eletroquímica"
163,"Espectroscopia"
164,"Química de Interfaces"
165,"Química do Estado Condensado"
166,"Química Nuclear e Radioquímica"
167,"Química Teórica"
168,"Termodinâmica Química"
169,"Química Analítica"
170,"Separação"
171,"Métodos Óticos de Análise"
172,"Eletroanalítica"
173,"Gravimetria"
174,"Titimetria"
175,"Instrumentação Analítica"
176,"Análise de Traços e Química Ambiental"
177,"Geociências"
178,"Geologia"
179,"Mineralogia"
180,"Petrologia"
181,"Geoquímica"
182,"Geologia Regional"
183,"Geotectônica"
184,"Geocronologia"
185,"Cartografia Geológica"
186,"Metalogenia"
187,"Hidrogeologia"
188,"Prospecção Mineral"
189,"Sedimentologia"
190,"Paleontologia Estratigráfica"
191,"Estratigrafia"
192,"Geologia Ambiental"
193,"Geofísica"
194,"Geomagnetismo"
195,"Sismologia"
196,"Geotermia e Fluxo Térmico"
197,"Propriedades Físicas das Rochas"
198,"Geofísica Nuclear"
199,"Sensoriamento Remoto"
200,"Aeronomia"
201,"Desenvolvimento de Instrumentação Geofísica"
202,"Geofísica Aplicada"
203,"Gravimetria"
204,"Meteorologia"
205,"Meteorologia Dinâmica"
206,"Meteorologia Sinótica"
207,"Meteorologia Física"
208,"Química da Atmosfera"
209,"Instrumentação Meteorológica"
210,"Climatologia"
211,"Micrometeorologia"
212,"Sensoriamento Remoto da Atmosfera"
213,"Meteorologia Aplicada"
214,"Geodésia"
215,"Geodésia Física"
216,"Geodésia Geométrica"
217,"Geodésia Celeste"
218,"Fotogrametria"
219,"Cartografia Básica"
220,"Geografia Física"
221,"Geomorfologia"
222,"Climatologia Geográfica"
223,"Pedologia"
224,"Hidrogeografia"
225,"Geoecologia"
226,"Fotogeografia (Físico-Ecológica)"
227,"Geocartografia"
228,"Oceanografia"
229,"Oceanografia Biológica"
230,"Interação entre os Organismos Marinhos e os Parâmetros Ambientais"
231,"Oceanografia Física"
232,"Variáveis Físicas da Água do Mar"
233,"Movimento da Água do Mar"
234,"Origem das Massas de Água"
235,"Interação do Oceano com o Leito do Mar"
236,"Interação do Oceano com a Atmosfera"
237,"Oceanografia Química"
238,"Propriedades Químicas da Água do Mar"
239,"Interações Químico-Biológicas/Geológicas das Substâncias Químicas da Água do Mar"
240,"Oceanografia Geológica"
241,"Geomorfologia Submarina"
242,"Sedimentologia Marinha"
243,"Geofísica Marinha"
244,"Geoquímica Marinha"
245,"Ciências Biológicas"
246,"Biologia Geral"
247,"Genética"
248,"Genética Quantitativa"
249,"Genética Molecular e de Microorganismos"
250,"Genética Vegetal"
251,"Genética Animal"
252,"Genética Humana e Médica"
253,"Mutagenese"
254,"Botânica"
255,"Paleobotânica"
256,"Morfologia Vegetal"
257,"Morfologia Externa"
258,"Citologia Vegetal"
259,"Anatomia Vegetal"
260,"Palinologia"
261,"Fisiologia Vegetal"
262,"Nutrição e Crescimento Vegetal"
263,"Reprodução Vegetal"
264,"Ecofisiologia Vegetal"
265,"Taxonomia Vegetal"
266,"Taxonomia de Criptógamos"
267,"Taxonomia de Fanerógamos"
268,"Fitogeografia"
269,"Botânica Aplicada"
270,"Zoologia"
271,"Paleozoologia"
272,"Morfologia dos Grupos Recentes"
273,"Fisiologia dos Grupos Recentes"
274,"Comportamento Animal"
275,"Taxonomia dos Grupos Recentes"
276,"Zoologia Aplicada"
277,"Conservação das Espécies Animais"
278,"Utilização dos Animais"
279,"Controle Populacional de Animais"
280,"Ecologia"
281,"Ecologia Teórica"
282,"Ecologia de Ecossistemas"
283,"Ecologia Aplicada"
284,"Morfologia"
285,"Citologia e Biologia Celular"
286,"Embriologia"
287,"Histologia"
288,"Anatomia"
289,"Anatomia Humana"
290,"Anatomia Animal"
291,"Fisiologia"
292,"Fisiologia Geral"
293,"Fisiologia de Órgãos e Sistemas"
294,"Neurofisiologia"
295,"Fisiologia Cardiovascular"
296,"Fisiologia da Respiração"
297,"Fisiologia Renal"
298,"Fisiologia Endócrina"
299,"Fisiologia da Digestão"
300,"Cinesiologia"
301,"Fisiologia do Esforço"
302,"Fisiologia Comparada"
303,"Bioquímica"
304,"Química de Macromoléculas"
305,"Proteínas"
306,"Lipídeos"
307,"Glicídeos"
308,"Bioquímica dos Microorganismos"
309,"Metabolismo e Bioenergética"
310,"Biologia Molecular"
311,"Enzimologia"
312,"Biofísica"
313,"Biofísica Molecular"
314,"Biofísica Celular"
315,"Biofísica de Processos e Sistemas"
316,"Radiologia e Fotobiologia"
317,"Farmacologia"
318,"Farmacologia Geral"
319,"Farmacocinética"
320,"Biodisponibilidade"
321,"Farmacologia Autonômica"
322,"Neuropsicofarmacologia"
323,"Farmacologia Cardiorenal"
324,"Farmacologia Bioquímica e Molecular"
325,"Etnofarmacologia"
326,"Toxicologia"
327,"Farmacologia Clínica"
328,"Imunologia"
329,"Imunoquímica"
330,"Imunologia Celular"
331,"Imunogenética"
332,"Imunologia Aplicada"
333,"Microbiologia"
334,"Biologia e Fisiologia dos Microorganismos"
335,"Virologia"
336,"Bacterologia"
337,"Micologia"
338,"Microbiologia Aplicada"
339,"Microbiologia Médica"
340,"Microbiologia Industrial e de Fermentação"
341,"Parasitologia"
342,"Protozoologia de Parasitos"
343,"Protozoologia Parasitária Humana"
344,"Protozoologia Parasitária Animal"
345,"Helmintologia de Parasitos"
346,"Helmintologia Humana"
347,"Helmintologia Animal"
348,"Entomologia e Malacologia de Parasitos e Vetores"
349,"Engenharias"
350,"Engenharia Civil"
351,"Construção Civil"
352,"Materiais e Componentes de Construção"
353,"Processos Construtivos"
354,"Instalações Prediais"
355,"Estruturas"
356,"Estruturas de Concreto"
357,"Estruturas de Madeiras"
358,"Estruturas Metálicas"
359,"Mecânica das Estruturas"
360,"Geotécnica"
361,"Fundações e Escavações"
362,"Mecânicas das Rochas"
363,"Mecânicas dos Solos"
364,"Obras de Terra e Enrocamento"
365,"Pavimentos"
366,"Engenharia Hidráulica"
367,"Hidráulica"
368,"Hidrologia"
369,"Infra-Estrutura de Transportes"
370,"Aeroportos; Projeto e Construção"
371,"Ferrovias; Projetos e Construção"
372,"Portos e Vias Nevegáveis; Projeto e Construção"
373,"Rodovias; Projeto e Construção"
374,"Engenharia de Minas"
375,"Pesquisa Mineral"
376,"Caracterização do Minério"
377,"Dimensionamento de Jazidas"
378,"Lavra"
379,"Lavra a Céu Aberto"
380,"Lavra de Mina Subterrânea"
381,"Equipamentos de Lavra"
382,"Tratamento de Minérios"
383,"Métodos de Concentração e Enriquecimento de Minérios"
384,"Equipamentos de Beneficiamento de Minérios"
385,"Engenharia de Materiais e Metalúrgica"
386,"Instalações e Equipamentos Metalúrgicos"
387,"Instalações Metalúrgicas"
388,"Equipamentos Metalúrgicos"
389,"Metalurgia Extrativa"
390,"Aglomeração"
391,"Eletrometalurgia"
392,"Hidrometalurgia"
393,"Pirometalurgia"
394,"Tratamento de Minérios"
395,"Metalurgia de Transformação"
396,"Conformação Mecânica"
397,"Fundição"
398,"Metalurgia de Pó"
399,"Recobrimentos"
400,"Soldagem"
401,"Tratamentos Térmicos, Mecânicos e Químicos"
402,"Usinagem"
403,"Metalurgia Física"
404,"Estrutura dos Metais e Ligas"
405,"Propriedades Físicas dos Metais e Ligas"
406,"Propriedades Mecânicas dos Metais e Ligas"
407,"Transformação de Fases"
408,"Corrosão"
409,"Materiais Não-Metálicos"
410,"Extração e Transformação de Materiais"
411,"Cerâmicos"
412,"Materiais Conjugados Não-Metálicos"
413,"Polímeros, Aplicações"
414,"Engenharia Elétrica"
415,"Materiais Elétricos"
416,"Materiais Condutores"
417,"Materiais e Componentes Semicondutores"
418,"Materiais e Dispositivos Supercondutores"
419,"Materiais Dielétricos, Piezoelétricos e Ferroelétricos"
420,"Materiais e Componentes Eletroóticos e Magnetoóticos, Materiais Fotoelétricos"
421,"Materiais e Dispositivos Magnéticos"
422,"Medidas Elétricas, Magnéticas e Eletrônicas; Instrumentação"
423,"Medidas Elétricas"
424,"Medidas Magnéticas"
425,"Instrumentação Eletromecânica"
426,"Instrumentação Eletrônica"
427,"Sistemas Eletrônicos de Medida e de Controle"
428,"Circuitos Elétricos, Magnéticos e Eletrônicos"
429,"Teoria Geral dos Circuitos Elétricos"
430,"Circuitos Lineares e Não-Lineares"
431,"Circuitos Eletrônicos"
432,"Circuitos Magnéticos , Magnetismos e Eletromagnetismos"
433,"Sistemas Elétricos de Potência"
434,"Geração da Energia Elétrica"
435,"Transmissão da Energia Elétrica, Distribuição da Energia Elétrica"
436,"Conversão e Retificação da Energia Elétrica"
437,"Medição, Controle, Correção e Proteção de Sistemas Elétricos  de Potência"
438,"Máquinas Elétricas e Dispositivos de Potência"
439,"Instalações Elétricas e Industriais"
440,"Eletrônica Industrial, Sistemas e Controles Eletrônicos"
441,"Eletrônica Industrial"
442,"Automação Eletrônica de Processos Elétricos e Industriais"
443,"Controle de Processos Eletrônicos, Retroalimentação"
444,"Telecomunicações"
445,"Teoria Eletromagnetica, Microondas, Propagação de Ondas, Antenas"
446,"Radionavegação e Radioastronomia"
447,"Sistemas deTelecomunicações"
448,"Engenharia Mecânica"
449,"Fenômenos de Transporte"
450,"Transferência de Calor"
451,"Mecânica dos Fluídos"
452,"Dinâmica dos Gases"
453,"Princípios Variacionais e Métodos Numéricos"
454,"Engenharia Térmica"
455,"Termodinâmica"
456,"Controle Ambiental"
457,"Aproveitamento da Energia"
458,"Mecânica dos Sólidos"
459,"Mecânica dos Corpos Sólidos, Elásticos e Plásticos"
460,"Dinâmica dos Corpos Rígidos, Elásticos e Plásticos"
461,"Análise de Tensões"
462,"Termoelasticidade"
463,"Projetos de Máquinas"
464,"Teoria dos Mecanismos"
465,"Estática e Dinâmica Aplicada"
466,"Elementos de Máquinas"
467,"Fundamentos Gerais de Projetos das Máquinas"
468,"Máquinas, Motores e Equipamentos"
469,"Métodos de Síntese e Otimização Aplicados ao Projeto Mecânico"
470,"Controle de Sistemas Mecânicos"
471,"Aproveitamento de Energia"
472,"Processos de Fabricação"
473,"Matrizes e Ferramentas"
474,"Maquinas de Usinagem e Conformação"
475,"Controle Numérico"
476,"Robotização"
477,"Processos de Fabricação, Seleção Econômica"
478,"Engenharia Química"
479,"Processos Industriais de Engenharia Química"
480,"Processos Bioquímicos"
481,"Processos Orgânicos"
482,"Processos Inorgânicos"
483,"Operações Industriais e Equipamentos para Engenharia Química"
484,"Reatores Químicos"
485,"Operações Características de Processos Bioquímicos"
486,"Operações de Separação e Mistura"
487,"Tecnologia Química"
488,"Balanços Globais de Matéria e Energia"
489,"Água"
490,"Álcool"
491,"Alimentos"
492,"Borrachas"
493,"Carvão"
494,"Cerâmica"
495,"Cimento"
496,"Couro"
497,"Detergentes"
498,"Fertilizantes"
499,"Medicamentos"
500,"Metais Não-Ferrosos"
501,"Óleos"
502,"Papel e Celulose"
503,"Petróleo e Petroquímica"
504,"Polímeros"
505,"Produtos Naturais"
506,"Têxteis"
507,"Tratamentos e Aproveitamento de Rejeitos"
508,"Xisto"
509,"Engenharia Sanitária"
510,"Recursos Hídricos"
511,"Planejamento Integrado dos Recursos Hídricos"
512,"Tecnologia e Problemas Sanitários de Irrigação"
513,"Águas Subterráneas e Poços Profundos"
514,"Controle de Enchentes e de Barragens"
515,"Sedimentologia"
516,"Tratamento de Águas de Abastecimento e Residuárias"
517,"Química Sanitária"
518,"Processos Simplificados de Tratamento de Águas"
519,"Técnicas Convencionais de Tratamento de Águas"
520,"Técnicas Avançadas de Tratamento de Águas"
521,"Estudos e Caracterização de Efluentes Industriais"
522,"Layout de Processos Industriais"
523,"Resíduos Radioativos"
524,"Saneamento Básico"
525,"Técnicas de Abastecimento da Água"
526,"Drenagem de Águas Residuárias"
527,"Drenagem Urbana de Águas Pluviais"
528,"Residuos Sólidos, Domésticos e Industriais"
529,"Limpeza Pública"
530,"Instalações Hidráulico-Sanitárias"
531,"Saneamento Ambiental"
532,"Ecologia Aplicada a Engenharia Sanitária"
533,"Microbiologia Aplicada e Engenharia Sanitária"
534,"Parasitologia Aplicada a Engenharia Sanitária"
535,"Qualidade do Ar, das Águas e do Solo"
536,"Controle da Poluição"
537,"Legislação Ambiental"
538,"Engenharia de Produção"
539,"Gerência de Produção"
540,"Planejamento de Instalações Industriais"
541,"Planejamento, Projeto e Controle de Sistemas de Produção"
542,"Higiene e Segurança do Trabalho"
543,"Suprimentos"
544,"Garantia de Controle de Qualidade"
545,"Pesquisa Operacional"
546,"Processos Estocásticos e Teoria das Filas"
547,"Programação Linear, Não-Linear, Mista e Dinâmica"
548,"Séries Temporais"
549,"Teoria dos Grafos"
550,"Teoria dos Jogos"
551,"Engenharia do Produto"
552,"Ergonomia"
553,"Metodologia de Projeto do Produto"
554,"Processos de Trabalho"
555,"Gerência do Projeto e do Produto"
556,"Desenvolvimento de Produto"
557,"Engenharia Econômica"
558,"Estudo de Mercado"
559,"Localização Industrial"
560,"Análise de Custos"
561,"Economia de Tecnologia"
562,"Vida Econômica dos Equipamentos"
563,"Avaliação de Projetos"
564,"Engenharia Nuclear"
565,"Aplicações de Radioisótopos"
566,"Produção de Radioisótopos"
567,"Aplicações Industriais de Radioisótopos"
568,"Instrumentação para Medida e Controle de Radiação"
569,"Fusão Controlada"
570,"Processos Industriais da Fusão Controlada"
571,"Problemas Tecnológicos da Fusão Controlada"
572,"Combustível Nuclear"
573,"Extração de Combustível Nuclear"
574,"Conversão, Enriquecimento e Fabricação de Combustível Nuclear"
575,"Reprocessamento de Combustível Nuclear"
576,"Rejeitos de Combustível Nuclear"
577,"Tecnologia dos Reatores"
578,"Núcleo do Reator"
579,"Materiais Nucleares e Blindagem de Reatores"
580,"Transferência de Calor em Reatores"
581,"Geração e Integração com Sistemas Elétricos  em Reatores"
582,"Instrumentação para Operação e Controle de Reatores"
583,"Segurança, Localização e Licenciamento de Reatores"
584,"Aspectos Econômicos de Reatores"
585,"Engenharia de Transportes"
586,"Planejamento de Transportes"
587,"Planejamento e Organização do Sistema de Transporte"
588,"Economia dos Transportes"
589,"Veículos e Equipamentos de Controle"
590,"Vias de Transporte"
591,"Veículos de Transportes"
592,"Estação de Transporte"
593,"Equipamentos Auxiliares e Controles"
594,"Operações de Transportes"
595,"Engenharia de Tráfego"
596,"Capacidade de Vias de Transporte"
597,"Operação de Sistemas de Transporte"
598,"Engenharia Naval e Oceânica"
599,"Hidrodinâmica de Navios e Sistemas Oceânicos"
600,"Resistência Hidrodinâmica"
601,"Propulsão de Navios"
602,"Estruturas Navais e Oceânicas"
603,"Análise Teórica e Experimental de Estrutura"
604,"Dinâmica Estrutural Naval e Oceânica"
605,"Síntese Estrutural Naval e Oceânica"
606,"Máquinas Marítimas"
607,"Análise de Sistemas Propulsores"
608,"Controle e Automação de Sistemas Propulsores"
609,"Equipamentos Auxiliares do Sistema Propulsivo"
610,"Motor de Propulsão"
611,"Projeto de Navios e de Sistemas Oceânicos"
612,"Projetos de Navios"
613,"Projetos de Sistemas Oceânicos Fixos e Semi-Fixos"
614,"Projetos de Embarcações Não-Convencionais"
615,"Tecnologia de Construção Naval e de Sistemas Oceânicos"
616,"Métodos de Fabricação de Navios e Sistemas Oceânicos"
617,"Soldagem de Estruturas Navais e Oceânicos"
618,"Custos de Construção Naval"
619,"Normatização e Certificação de Qualidade de Navios"
620,"Engenharia Aeroespacial"
621,"Aerodinâmica"
622,"Aerodinâmica de Aeronaves Espaciais"
623,"Aerodinâmica dos Processos Geofísicos e Interplanetários"
624,"Dinâmica de Vôo"
625,"Trajetórias e Órbitas"
626,"Estabilidade e Controle"
627,"Estruturas Aeroespaciais"
628,"Aeroelasticicidade"
629,"Fadiga"
630,"Projeto de Estruturas Aeroespaciais"
631,"Materiais e Processos para Engenharia Aeronáutica e Aeroespacial"
632,"Propulsão Aeroespacial"
633,"Combustão e Escoamento com Reações Químicas"
634,"Propulsão de Foguetes"
635,"Máquinas de Fluxo"
636,"Motores Alternativos"
637,"Sistemas Aeroespaciais"
638,"Aviões"
639,"Foguetes"
640,"Helicópteros"
641,"Hovercraft"
642,"Satélites e Outros Dispositivos Aeroespaciais"
643,"Normatização e Certificação de Qualidade de Aeronaves e Componentes"
644,"Manutenção de Sistemas Aeroespaciais"
645,"Engenharia Biomédica"
646,"Bioengenharia"
647,"Processamento de Sinais Biológicos"
648,"Modelagem de Fenômenos Biológicos"
649,"Modelagem de Sistemas Biológicos"
650,"Engenharia Médica"
651,"Biomateriais e Materiais Biocompatíveis"
652,"Transdutores para Aplicações Biomédicas"
653,"Instrumentação Odontológica e Médico-Hospitalar"
654,"Tecnologia de Próteses"
655,"Ciências da Saúde"
656,"Medicina"
657,"Clínica Médica"
658,"Angiologia"
659,"Dermatologia"
660,"Alergologia e Imunologia Clínica"
661,"Cancerologia"
662,"Hematologia"
663,"Endocrinologia"
664,"Neurologia"
665,"Pediatria"
666,"Doenças Infecciosas e Parasitárias"
667,"Cardiologia"
668,"Gastroenterologia"
669,"Pneumologia"
670,"Nefrologia"
671,"Reumatologia"
672,"Ginecologia e Obstetrícia"
673,"Fisiatria"
674,"Oftalmologia"
675,"Ortopedia"
676,"Cirurgia"
677,"Cirurgia Plástica e Restauradora"
678,"Cirurgia Otorrinolaringológica"
679,"Cirurgia Oftalmológica"
680,"Cirurgia Cardiovascular"
681,"Cirurgia Toráxica"
682,"Cirurgia Gastroenterologia"
683,"Cirurgia Pediátrica"
684,"Neurocirurgia"
685,"Cirurgia Urológica"
686,"Cirurgia Proctológica"
687,"Cirurgia Ortopédica"
688,"Cirurgia Traumatológica"
689,"Anestesiologia"
690,"Cirurgia Experimental"
691,"Saúde Materno-Infantil"
692,"Psiquiatria"
693,"Anatomia Patológica e Patologia Clínica"
694,"Radiologia Médica"
695,"Medicina Legal e Deontologia"
696,"Odontologia"
697,"Clínica Odontológica"
698,"Cirurgia Buco-Maxilo-Facial"
699,"Ortodontia"
700,"Odontopediatria"
701,"Periodontia"
702,"Endodontia"
703,"Radiologia Odontológica"
704,"Odontologia Social e Preventiva"
705,"Materiais Odontológicos"
706,"Farmácia"
707,"Farmacotecnia"
708,"Farmacognosia"
709,"Análise Toxicológica"
710,"Análise e Controle de Medicamentos"
711,"Bromatologia"
712,"Enfermagem"
713,"Enfermagem Médico-Cirúrgica"
714,"Enfermagem Obstétrica"
715,"Enfermagem Pediátrica"
716,"Enfermagem Psiquiátrica"
717,"Enfermagem de Doenças Contagiosas"
718,"Enfermagem de Saúde Pública"
719,"Nutrição"
720,"Bioquímica da Nutrição"
721,"Dietética"
722,"Análise Nutricional de População"
723,"Desnutrição e Desenvolvimento Fisiológico"
724,"Saúde Coletiva"
725,"Epidemiologia"
726,"Saúde Pública"
727,"Medicina Preventiva"
728,"Fonoaudiologia"
729,"Fisioterapia e Terapia Ocupacional"
730,"Educação Física"
731,"Ciências Agrárias"
732,"Agronomia"
733,"Ciência do Solo"
734,"Gênese, Morfologia e Classificação dos Solos"
735,"Física do Solo"
736,"Química do Solo"
737,"Microbiologia e Bioquímica do Solo"
738,"Fertilidade do Solo e Adubação"
739,"Manejo e Conservação do Solo"
740,"Fitossanidade"
741,"Fitopatologia"
742,"Entomologia Agrícola"
743,"Parasitologia Agrícola"
744,"Microbiologia Agrícola"
745,"Defesa Fitossanitária"
746,"Fitotecnia"
747,"Manejo e Tratos Culturais"
748,"Mecanização Agrícola"
749,"Produção e Beneficiamento de Sementes"
750,"Produção de Mudas"
751,"Melhoramento Vegetal"
752,"Fisiologia de Plantas Cultivadas"
753,"Matologia"
754,"Floricultura, Parques e Jardins"
755,"Floricultura"
756,"Parques e Jardins"
757,"Arborização de Vias Públicas"
758,"Agrometeorologia"
759,"Extensão Rural"
760,"Recursos Florestais e Engenharia Florestal"
761,"Silvicultura"
762,"Dendrologia"
763,"Florestamento e Reflorestamento"
764,"Genética e Melhoramento Florestal"
765,"Sementes Florestais"
766,"Nutrição Florestal"
767,"Fisiologia Florestal"
768,"Solos Florestais"
769,"Proteção Florestal"
770,"Manejo Florestal"
771,"Economia Florestal"
772,"Política e Legislação Florestal"
773,"Administração Florestal"
774,"Dendrometria e Inventário Florestal"
775,"Fotointerpretação Florestal"
776,"Ordenamento Florestal"
777,"Técnicas e Operações Florestais"
778,"Exploração Florestal"
779,"Mecanização Florestal"
780,"Tecnologia e Utilização de Produtos Florestais"
781,"Anatomia e Identificação de Produtos Florestais"
782,"Propriedades Fisico-Mecânicas da Madeira"
783,"Relações Água-Madeira e Secagem"
784,"Tratamento da Madeira"
785,"Processamento Mecânico da Madeira"
786,"Química da Madeira"
787,"Resinas de Madeiras"
788,"Tecnologia de Celulose e Papel"
789,"Tecnologia de Chapas"
790,"Conservação da Natureza"
791,"Hidrologia Florestal"
792,"Conservação de Áreas Silvestres"
793,"Conservação de Bacias Hidrográficas"
794,"Recuperação de Areas Degradadas"
795,"Energia de Biomassa Florestal"
796,"Engenharia Agrícola"
797,"Máquinas e Implementos Agrícolas"
798,"Engenharia de Água e Solo"
799,"Irrigação e Drenagem"
800,"Conservação de Solo e Água"
801,"Engenharia de Processamento de Produtos Agrícolas"
802,"Pré-Processamento de Produtos Agrícolas"
803,"Armazenamento de Produtos Agrícolas"
804,"Transferência de Produtos Agrícolas"
805,"Construções Rurais e Ambiência"
806,"Assentamento Rural"
807,"Engenharia de Construções Rurais"
808,"Saneamento Rural"
809,"Energização Rural"
810,"Zootecnia"
811,"Ecologia dos Animais Domésticos e Etologia"
812,"Genética e Melhoramento dos Animais Domésticos"
813,"Nutrição e Alimentação Animal"
814,"Exigências Nutricionais dos Animais"
815,"Avaliação de Alimentos para Animais"
816,"Conservação de Alimentos para Animais"
817,"Pastagem e Forragicultura"
818,"Avaliação, Produção e Conservação de Forragens"
819,"Manejo e Conservação de Pastagens"
820,"Fisiologia de Plantas Forrageiras"
821,"Melhoramento de Plantas Forrageiras e Produção de Sementes"
822,"Toxicologia e Plantas Tóxicas"
823,"Produção Animal"
824,"Criação de Animais"
825,"Manejo de Animais"
826,"Instalações para Produção Animal"
827,"Medicina Veterinária"
828,"Clínica e Cirurgia Animal"
829,"Anestesiologia Animal"
830,"Técnica Cirúrgica Animal"
831,"Radiologia de Animais"
832,"Farmacologia e Terapêutica Animal"
833,"Obstetrícia Animal"
834,"Clínica Veterinária"
835,"Clínica Cirúrgica Animal"
836,"Toxicologia Animal"
837,"Medicina Veterinária Preventiva"
838,"Epidemiologia Animal"
839,"Saneamento Aplicado a Saúde do Homem"
840,"Doenças Infecciosas de Animais"
841,"Doenças Parasitárias de Animais"
842,"Saúde Animal (Programas Sanitários)"
843,"Patologia Animal"
844,"Patologia Aviária"
845,"Anatomia Patologia Animal"
846,"Patologia Clínica Animal"
847,"Reprodução Animal"
848,"Ginecologia e Andrologia Animal"
849,"Inseminação Artificial Animal"
850,"Fisiopatologia da Reprodução Animal"
851,"Inspeção de Produtos de Origem Animal"
852,"Recursos Pesqueiros e Engenharia de Pesca"
853,"Recursos Pesqueiros Marinhos"
854,"Fatores Abióticos do Mar"
855,"Avaliação de Estoques Pesqueiros Marinhos"
856,"Exploração Pesqueira Marinha"
857,"Manejo e Conservação de Recursos Pesqueiros Marinhos"
858,"Recursos Pesqueiros de Águas Interiores"
859,"Fatores Abióticos de Águas Interiores"
860,"Avaliação de Estoques Pesqueiros de Águas Interiores"
861,"Explotação Pesqueira de Águas Interiores"
862,"Manejo e Conservação de Recursos Pesqueiros de Águas Interiores"
863,"Aqüicultura"
864,"Maricultura"
865,"Carcinocultura"
866,"Ostreicultura"
867,"Piscicultura"
868,"Engenharia de Pesca"
869,"Ciência e Tecnologia de Alimentos"
870,"Ciência de Alimentos"
871,"Valor Nutritivo de Alimentos"
872,"Química, Física, Fisico-Química e Bioquímica dos Alim. e das Mat-Primas Alimentares"
873,"Microbiologia de Alimentos"
874,"Fisiologia Pós-Colheita"
875,"Toxicidade e Resíduos de Pesticidas em Alimentos"
876,"Avaliação e Controle de Qualidade de Alimentos"
877,"Padrões, Legislação e Fiscalização de Alimentos"
878,"Tecnologia de Alimentos"
879,"Tecnologia de Produtos de Origem Animal"
880,"Tecnologia de Produtos de Origem Vegetal"
881,"Tecnologia das Bebidas"
882,"Tecnologia de Alimentos Dietéticos e Nutricionais"
883,"Aproveitamento de Subprodutos"
884,"Embalagens de Produtos Alimentares"
885,"Engenharia de Alimentos"
886,"Instalações Industriais de Produção de Alimentos"
887,"Armazenamento de Alimentos"
888,"Ciências Sociais Aplicadas"
889,"Direito"
890,"Teoria do Direito"
891,"Teoria Geral do Direito"
892,"Teoria Geral do Processo"
893,"Teoria do Estado"
894,"História do Direito"
895,"Filosofia do Direito"
896,"Lógica Jurídica"
897,"Sociologia Jurídica"
898,"Antropologia Jurídica"
899,"Direito Público"
900,"Direito Tributário"
901,"Direito Penal"
902,"Direito Processual Penal"
903,"Direito Processual Civil"
904,"Direito Constitucional"
905,"Direito Administrativo"
906,"Direito Internacional Público"
907,"Direito Privado"
908,"Direito Civil"
909,"Direito Comercial"
910,"Direito do Trabalho"
911,"Direito Internacional Privado"
912,"Direitos Especiais"
913,"Administração"
914,"Administração de Empresas"
915,"Administração da Produção"
916,"Administração Financeira"
917,"Mercadologia"
918,"Negócios Internacionais"
919,"Administração de Recursos Humanos"
920,"Administração Pública"
921,"Contabilidade e Finanças Públicas"
922,"Organizações Públicas"
923,"Política e Planejamento Governamentais"
924,"Administração de Pessoal"
925,"Planejamento em Ciência e Tecnologia"
926,"Administração de Setores Específicos"
927,"Ciências Contábeis"
928,"Economia"
929,"Teoria Econômica"
930,"Economia Geral"
931,"Teoria Geral da Economia"
932,"História do Pensamento Econômico"
933,"História Econômica"
934,"Sistemas Econômicos"
935,"Métodos Quantitativos em Economia"
936,"Métodos e Modelos Matemáticos, Econométricos e Estatísticos"
937,"Estatística Sócio-Econômica"
938,"Contabilidade Nacional"
939,"Economia Matemática"
940,"Economia Monetária e Fiscal"
941,"Teoria Monetária e Financeira"
942,"Instituições Monetárias e Financeiras do Brasil"
943,"Finanças Públicas Internas"
944,"Política Fiscal do Brasil"
945,"Crescimento, Flutuações e Planejamento Econômico"
946,"Crescimento e Desenvolvimento Econômico"
947,"Teoria e Política de Planejamento Econômico"
948,"Flutuações Cíclicas e Projeções Econômicas"
949,"Inflação"
950,"Economia Internacional"
951,"Teoria do Comércio Internacional"
952,"Relações do Comércio; Política Comercial; Integração Econômica"
953,"Balanço de Pagamentos; Finanças Internacionais"
954,"Investimentos Internacionais e Ajuda Externa"
955,"Economia dos Recursos Humanos"
956,"Treinamento e Alocação de Mão-de-Obra; Oferta de Mão-de-Obra e Força de Trabalho"
957,"Mercado de Trabalho; Política do Governo"
958,"Sindicatos, Dissídios Coletivos, Relações de Emprego (Empregador/Empregado)"
959,"Capital Humano"
960,"Demografia Econômica"
961,"Economia Industrial"
962,"Organização Industrial e  Estudos Industriais"
963,"Mudança Tecnológica"
964,"Economia do Bem-Estar Social"
965,"Economia dos Programas de Bem-Estar Social"
966,"Economia do Consumidor"
967,"Economia Regional e Urbana"
968,"Economia Regional"
969,"Economia Urbana"
970,"Renda e Tributação"
971,"Economias Agrária e dos Recursos Naturais"
972,"Economia Agrária"
973,"Economia dos Recursos Naturais"
974,"Arquitetura e Urbanismo"
975,"Fundamentos de Arquitetura e Urbanismo"
976,"História da Arquitetura e Urbanismo"
977,"Teoria da Arquitetura"
978,"História do Urbanismo"
979,"Teoria do Urbanismo"
980,"Projeto de Arquitetura e Urbanismo"
981,"Planejamento e Projetos da Edificação"
982,"Planejamento e Projeto do Espaço Urbano"
983,"Planejamento e Projeto do Equipamento"
984,"Tecnologia de Arquitetura e Urbanismo"
985,"Adequação Ambiental"
986,"Paisagismo"
987,"Desenvolvimento Histórico do Paisagismo"
988,"Conceituação de Paisagísmo e Metodologia do Paisagismo"
989,"Estudos de Organização do Espaço Exterior"
990,"Projetos de Espaços Livres Urbanos"
991,"Planejamento Urbano e Regional"
992,"Fundamentos do Planejamento Urbano e Regional"
993,"Teoria do Planejamento Urbano e Regional"
994,"Teoria da Urbanização"
995,"Política Urbana"
996,"História Urbana"
997,"Métodos e Técnicas do Planejamento Urbano e Regional"
998,"Informação, Cadastro e Mapeamento"
999,"Técnica de Previsão Urbana e Regional"
1000,"Técnicas de Análise e Avaliação Urbana e Regional"
1001,"Técnicas de Planejamento e Projeto Urbanos e Regionais"
1002,"Serviços Urbanos e Regionais"
1003,"Administração Municipal e Urbana"
1004,"Estudos da Habitação"
1005,"Aspectos Sociais do Planejamento Urbano e Regional"
1006,"Aspectos Econômicos do Planejamento Urbano e Regional"
1007,"Aspectos Físico-Ambientais do Planejamento Urbano e Regional"
1008,"Serviços Comunitários"
1009,"Infra-Estruturas Urbanas e Regionais"
1010,"Transporte e Tráfego Urbano e Regional"
1011,"Legislação Urbana e Regional"
1012,"Demografia"
1013,"Distribuição Espacial"
1014,"Distribuição Espacial Geral"
1015,"Distribuição Espacial Urbana"
1016,"Distribuição Espacial Rural"
1017,"Tendência Populacional"
1018,"Tendências Passadas"
1019,"Taxas e Estimativas Correntes"
1020,"Projeções"
1021,"Componentes da Dinâmica Demográfica"
1022,"Fecundidade"
1023,"Mortalidade"
1024,"Migração"
1025,"Nupcialidade e Família"
1026,"Casamento e Divórcio"
1027,"Família e Reprodução"
1028,"Demografia Histórica"
1029,"Distribuição Espacial"
1030,"Natalidade, Mortalidade, Migração"
1031,"Nupcialidade e Família"
1032,"Métodos e Técnicas de Demografia Histórica"
1033,"Política Pública e População"
1034,"Política Populacional"
1035,"Políticas de Redistribuição de População"
1036,"Políticas de Planejamento Familiar"
1037,"Fontes de Dados Demográficos"
1038,"Ciência da Informação"
1039,"Teoria da Informação"
1040,"Teoria Geral da Informação"
1041,"Processos da Comunicação"
1042,"Representação da Informação"
1043,"Biblioteconomia"
1044,"Teoria da Classificação"
1045,"Métodos Quantitativos. Bibliometria"
1046,"Técnicas de Recuperação de Informação"
1047,"Processos de Disseminação da Informação"
1048,"Arquivologia"
1049,"Organização de Arquivos"
1050,"Museologia"
1051,"Comunicação"
1052,"Teoria da Comunicação"
1053,"Jornalismo e Editoração"
1054,"Teoria e Ética do Jornalismo"
1055,"Organização Editorial de Jornais"
1056,"Organização Comercial de Jornais"
1057,"Jornalismo Especializado (Comunitário, Rural, Empresarial, Científico)"
1058,"Rádio e Televisão"
1059,"Radiodifusão"
1060,"Videodifusão"
1061,"Relações Públicas e Propaganda"
1062,"Comunicação Visual"
1063,"Serviço Social"
1064,"Fundamentos do Serviço Social"
1065,"Serviço Social Aplicado"
1066,"Serviço Social do Trabalho"
1067,"Serviço Social da Educação"
1068,"Serviço Social do Menor"
1069,"Serviço Social da Saúde"
1070,"Serviço Social da Habitação"
1071,"Economia Doméstica"
1072,"Desenho Industrial"
1073,"Programação Visual"
1074,"Desenho de Produto"
1075,"Turismo"
1076,"Ciências Humanas"
1077,"Filosofia"
1078,"História da Filosofia"
1079,"Metafísica"
1080,"Lógica"
1081,"Ética"
1082,"Epistemologia"
1083,"Filosofia Brasileira"
1084,"Sociologia"
1085,"Fundamentos da Sociologia"
1086,"Teoria Sociológica"
1087,"História da Sociologia"
1088,"Sociologia do Conhecimento"
1089,"Sociologia do Desenvolvimento"
1090,"Sociologia Urbana"
1091,"Sociologia Rural"
1092,"Sociologia da Saúde"
1093,"Outras Sociologias Específicas"
1094,"Antropologia"
1095,"Teoria Antropológica"
1096,"Etnologia Indígena"
1097,"Antropologia Urbana"
1098,"Antropologia Rural"
1099,"Antropologia das Populações Afro-Brasileiras"
1100,"Arqueologia"
1101,"Teoria e Método em Arqueologia"
1102,"Arqueologia Pré-Histórica"
1103,"Arqueologia Histórica"
1104,"História"
1105,"Teoria e Filosofia da História"
1106,"História Antiga e Medieval"
1107,"História Moderna e Contemporânea"
1108,"História da América"
1109,"História dos Estados Unidos"
1110,"História Latino-Americana"
1111,"História do Brasil"
1112,"História do Brasil Colônia"
1113,"História do Brasil Império"
1114,"História do Brasil República"
1115,"História Regional do Brasil"
1116,"História das Ciências"
1117,"Geografia"
1118,"Geografia Humana"
1119,"Geografia da População"
1120,"Geografia Agrária"
1121,"Geografia Urbana"
1122,"Geografia Econômica"
1123,"Geografia Política"
1124,"Geografia Regional"
1125,"Teoria do Desenvolvimento Regional"
1126,"Regionalização"
1127,"Análise Regional"
1128,"Psicologia"
1129,"Fundamentos e Medidas da Psicologia"
1130,"História, Teorias e Sistemas em Psicologia"
1131,"Metodologia, Instrumentação e Equipamento em Psicologia"
1132,"Construção e Validade de Testes, Escalas e Outras Medidas Psicológicas"
1133,"Técnicas de Processamento Estatístico, Matemático e Computacional em Psicologia"
1134,"Psicologia Experimental"
1135,"Processos Perceptuais e Motores"
1136,"Processos de Aprendizagem, Memória e Motivação"
1137,"Processos Cognitivos e Atencionais"
1138,"Estados Subjetivos e Emoção"
1139,"Psicologia Fisiológica"
1140,"Neurologia, Eletrofisiologia e Comportamento"
1141,"Processos Psico-Fisiológicos"
1142,"Estimulação Elétrica e com Drogas; Comportamento"
1143,"Psicobiologia"
1144,"Psicologia Comparativa"
1145,"Estudos Naturalísticos do Comportamento Animal"
1146,"Mecanismos Instintivos e Processos Sociais em Animais"
1147,"Psicologia Social"
1148,"Relações Interpessoais"
1149,"Processos Grupais e de Comunicação"
1150,"Papéis e Estruturas Sociais; Indivíduo"
1151,"Psicologia Cognitiva"
1152,"Psicologia do Desenvolvimento Humano"
1153,"Processos Perceptuais e Cognitivos; Desenvolvimento"
1154,"Desenvolvimento Social e da Personalidade"
1155,"Psicologia do Ensino e da Aprendizagem"
1156,"Planejamento Institucional"
1157,"Programação de Condições de Ensino"
1158,"Treinamento de Pessoal"
1159,"Aprendizagem e Desempenho Acadêmicos"
1160,"Ensino e Aprendizagem na Sala de Aula"
1161,"Psicologia do Trabalho e Organizacional"
1162,"Análise Institucional"
1163,"Recrutamento e Seleção de Pessoal"
1164,"Treinamento e Avaliação"
1165,"Fatores Humanos no Trabalho"
1166,"Planejamento Ambiental e Comportamento Humano"
1167,"Tratamento e Prevenção Psicológica"
1168,"Intervenção Terapêutica"
1169,"Programas de Atendimento Comunitário"
1170,"Treinamento e Reabilitação"
1171,"Desvios da Conduta"
1172,"Distúrbios da Linguagem"
1173,"Distúrbios Psicossomáticos"
1174,"Educação"
1175,"Fundamentos da Educação"
1176,"Filosofia da Educação"
1177,"História da Educação"
1178,"Sociologia da Educação"
1179,"Antropologia Educacional"
1180,"Economia da Educação"
1181,"Psicologia Educacional"
1182,"Administração Educacional"
1183,"Administração de Sistemas Educacionais"
1184,"Administração de Unidades Educativas"
1185,"Planejamento e Avaliação Educacional"
1186,"Política Educacional"
1187,"Planejamento Educacional"
1188,"Avaliação de Sistemas, Instituições, Planos e Programas Educacionais"
1189,"Ensino-Aprendizagem"
1190,"Teorias da Instrução"
1191,"Métodos e Técnicas de Ensino"
1192,"Tecnologia Educacional"
1193,"Avaliação da Aprendizagem"
1194,"Currículo"
1195,"Teoria Geral de Planejamento e Desenvolvimento Curricular"
1196,"Currículos Específicos para Níveis e Tipos de Educação"
1197,"Orientação e Aconselhamento"
1198,"Orientação Educacional"
1199,"Orientação Vocacional"
1200,"Tópicos Específicos de Educação"
1201,"Educação de Adultos"
1202,"Educação Permanente"
1203,"Educação Rural"
1204,"Educação em Periferias Urbanas"
1205,"Educação Especial"
1206,"Educação Pré-Escolar"
1207,"Ensino Profissionalizante"
1208,"Ciência Política"
1209,"Teoria Política"
1210,"Teoria Política Clássica"
1211,"Teoria Política Medieval"
1212,"Teoria Política Moderna"
1213,"Teoria Política Contemporânea"
1214,"Estado e Governo"
1215,"Estrutura e Transformação do Estado"
1216,"Sistemas Governamentais Comparados"
1217,"Relações Intergovernamentais"
1218,"Estudos do Poder Local"
1219,"Instituições Governamentais Específicas"
1220,"Comportamento Político"
1221,"Estudos Eleitorais e Partidos Políticos"
1222,"Atitude e Ideologias Políticas"
1223,"Conflitos e Coalizões Políticas"
1224,"Comportamento Legislativo"
1225,"Classes Sociais e Grupos de Interesse"
1226,"Políticas Públicas"
1227,"Análise do Processo Decisório"
1228,"Análise Institucional"
1229,"Técnicas de Antecipação"
1230,"Política Internacional"
1231,"Política Externa do Brasil"
1232,"Organizações Internacionais"
1233,"Integração Internacional, Conflito, Guerra e Paz"
1234,"Relações Internacionais, Bilaterais e Multilaterais"
1235,"Teologia"
1236,"História da Teologia"
1237,"Teologia Moral"
1238,"Teologia Sistemática"
1239,"Teologia Pastoral"
1240,"Lingüística, Letras e Artes"
1241,"Lingüística"
1242,"Teoria e Análise Lingüística"
1243,"Filosofia da Linguagem"
1244,"Lingüística Histórica"
1245,"Sociolingüística e Dialetologia"
1246,"Psicolingüística"
1247,"Lingüística Aplicada"
1248,"Letras"
1249,"Língua Portuguesa"
1250,"Línguas Estrangeiras Modernas"
1251,"Línguas Clássicas"
1252,"Línguas Indígenas"
1253,"Teoria Literária"
1254,"Literatura Brasileira"
1255,"Outras Literaturas Vernáculas"
1256,"Literaturas Estrangeiras Modernas"
1257,"Literaturas Clássicas"
1258,"Literatura Comparada"
1259,"Artes"
1260,"Fundamentos e Crítica das Artes"
1261,"Teoria da Arte"
1262,"História da Arte"
1263,"Crítica da Arte"
1264,"Artes Plásticas"
1265,"Pintura"
1266,"Desenho"
1267,"Gravura"
1268,"Escultura"
1269,"Cerâmica"
1270,"Tecelagem"
1271,"Música"
1272,"Regência"
1273,"Instrumentação Musical"
1274,"Composição Musical"
1275,"Canto"
1276,"Dança"
1277,"Execução da Dança"
1278,"Coreografia"
1279,"Teatro"
1280,"Dramaturgia"
1281,"Direção Teatral"
1282,"Cenografia"
1283,"Interpretação Teatral"
1284,"Ópera"
1285,"Fotografia"
1286,"Cinema"
1287,"Administração e Produção de Filmes"
1288,"Roteiro e Direção Cinematográficos"
1289,"Técnicas de Registro e Processamento de Filmes"
1290,"Interpretação Cinematográfica"
1291,"Artes do Vídeo"
1292,"Educação Artística"
1293,"Outros"
1294,"Administração Hospitalar"
1295,"Administração Rural"
1296,"Carreira Militar"
1297,"Carreira Religiosa"
1298,"Ciências"
1299,"Biomedicina"
1300,"Ciências Atuarias"
1301,"Ciências Sociais"
1302,"Decoração"
1303,"Desenho de Moda"
1304,"Desenho de Projetos"
1305,"Diplomacia"
1306,"Engenharia de Agrimensura"
1307,"Engenharia Cartografica"
1308,"Engenharia de Armamentos"
1309,"Engenharia Mecatrônica"
1310,"Engenharia Textil"
1311,"Estudos Sociais"
1312,"Historia Natural"
1313,"Química Industrial"
1314,"Relações Internacionais"
1315,"Relações Públicas"
1316,"Secretariado Executivo"
1317,"Multidisciplinar"
