1,"Geografia"
2,"Educação"
3,"Química de Produtos Naturais"
4,"Ciência de Alimentos"
5,"Biologia de Água Doce e Pesca Interior"
6,"Ciências Biológicas (Botânica)"
7,"Biologia (Ecologia)"
8,"Ciências Biológicas (Entomologia)"
9,"Ciências de Florestas Tropicais"
10,"Planejamento do Desenvolvimento"
11,"Direito (Direito Público)"
12,"Engenharia Elétrica"
13,"Ciências Biológicas"
14,"Física"
15,"Química"
16,"Letras (Lingüística e Teoria Literária)"
17,"Psicologia (Teoria e Pesquisa do Comportamento)"
18,"Engenharia Química"
19,"Antropologia"
20,"Medicina Tropical"
21,"Geofísica"
22,"Geologia e Geoquímica"
23,"Engenharia Mecânica"
24,"Desenvolvimento Sustentável do Trópico Úmido"
25,"Ciência Animal"
26,"Zoologia"
27,"Agronomia"
28,"Ciências Florestais"
29,"Educacao"
30,"Políticas Públicas"
31,"Química"
32,"Engenharia de Eletricidade"
33,"Educação"
34,"Educação"
35,"Física"
36,"Matemática"
37,"Química Orgânica"
38,"Química Inorgânica"
39,"Bioquímica"
40,"Farmacologia"
41,"Sociologia"
42,"Economia"
43,"Engenharia Civil (Recursos Hídricos)"
44,"Direito (Direito e Desenvolvimento)"
45,"Agronomia (Fitotecnia)"
46,"Agronomia (Solos e Nutrição de Plantas)"
47,"Agronomia (Irrigação e Drenagem)"
48,"Economia Rural"
49,"Zootecnia"
50,"Tecnologia de Alimentos"
51,"Letras"
52,"Patologia"
53,"Engenharia de Pesca"
54,"Enfermagem"
55,"Cirurgia"
56,"Lingüística"
57,"Saúde Pública"
58,"Geologia"
59,"Desenvolvimento e Meio Ambiente"
60,"Medicina (Clínica Médica)"
61,"Ciência da Computação"
62,"Ciências Veterinárias"
63,"Saúde Pública"
64,"Educação"
65,"Psicobiologia"
66,"Ciências Sociais"
67,"Patologia Oral"
68,"Odontologia Social"
69,"Administração"
70,"Engenharia Elétrica"
71,"Engenharia Mecânica"
72,"Física"
73,"Engenharia Química"
74,"Química"
75,"Estudos da Linguagem"
76,"Clínicas Odontológicas"
77,"Geociências"
78,"Geodinâmica e Geofísica"
79,"Fitotecnia"
80,"Educação"
81,"Física"
82,"Meteorologia"
83,"Sociologia [J. Pessoa]"
84,"Filosofia"
85,"Psicologia (Psicologia Social)"
86,"Engenharia Biomédica"
87,"Engenharia Civil"
88,"Engenharia Elétrica"
89,"Engenharia Mecânica [J. Pessoa]"
90,"Engenharia de Produção"
91,"Engenharia Química [C. Grande]"
92,"Informática"
93,"Produtos Naturais e Sintéticos Bioativos"
94,"Enfermagem"
95,"Administração"
96,"Ciência da Informação"
97,"Serviço Social"
98,"Agronomia [Areia]"
99,"Manejo de Solo e Água [Areia]"
100,"Economia Rural [C. Grande]"
101,"Sociologia Rural"
102,"Zootecnia [Areia]"
103,"Ciência e Tecnologia de Alimentos"
104,"Letras"
105,"Economia [J. Pessoa]"
106,"Engenharia Mecânica [C. Grande]"
107,"Ciências Biológicas (Zoologia)"
108,"Química"
109,"Genética"
110,"Engenharia de Minas"
111,"Odontologia (Diagnóstico Bucal)"
112,"Matemática"
113,"Engenharia Civil [C. Grande]"
114,"Engenharia Química"
115,"Engenharia Agrícola"
116,"Educação"
117,"Física"
118,"Matemática"
119,"Ciência da Computação"
120,"Geociências"
121,"Biofísica"
122,"Bioquímica"
123,"Biologia de Fungos"
124,"Ciências Biológicas (Fisiologia)"
125,"Sociologia"
126,"Antropologia"
127,"Filosofia"
128,"História"
129,"Geografia"
130,"Economia"
131,"Psicologia (Psicologia Cognitiva)"
132,"Engenharia Elétrica"
133,"Tecnologias Energéticas Nucleares"
134,"Medicina (Anatomia Patológica)"
135,"Cirurgia"
136,"Medicina Tropical"
137,"Medicina (Pediatria)"
138,"Ciências Farmacêuticas"
139,"Nutrição"
140,"Direito"
141,"Desenvolvimento Urbano"
142,"Serviço Social"
143,"Letras"
144,"Ciência Política"
145,"Oceanografia"
146,"Química"
147,"Genética"
148,"Biologia Vegetal"
149,"Medicina Interna"
150,"Engenharia Civil"
151,"Biologia Animal"
152,"Medicina"
153,"Neuro-Psiquiatria"
154,"Engenharia Química"
155,"Ciências Biológicas"
156,"Administração"
157,"Biotecnologia de Produtos Bioativos"
158,"Botânica"
159,"Agronomia (Fitossanidade)"
160,"Agronomia (Ciência do Solo)"
161,"Administração Rural e Comunicação Rural"
162,"Medicina Veterinária"
163,"Zootecnia"
164,"Odontologia (Odontopediatria)"
165,"Odontologia (Dentística e Endodontia)"
166,"Odontologia Preventiva e Social"
167,"Saúde Materno Infantil"
168,"Letras e Lingüística"
169,"Física da Matéria Condensada"
170,"Química e Biotecnologia"
171,"Administração"
172,"Geografia"
173,"Educação"
174,"Educação"
175,"Física"
176,"Matemática"
177,"Química"
178,"Geologia"
179,"Geoquímica e Meio Ambiente"
180,"Geofísica"
181,"Biologia (Botânica)"
182,"Economia"
183,"Patologia Humana"
184,"Medicina"
185,"Saúde Coletiva"
186,"Enfermagem"
187,"Direito"
188,"Ciências Agrárias"
189,"Letras e Lingüística"
190,"Arquitetura e Urbanismo"
191,"Administração"
192,"Engenharia Química"
193,"História"
194,"Ciências Sociais"
195,"Comunicação e Cultura Contemporânea"
196,"Imunologia"
197,"Música"
198,"Odontologia"
199,"Geografia"
200,"Nutrição"
201,"Educação"
202,"Ciências Fisiológicas"
203,"Engenharia Ambiental"
204,"Engenharia Elétrica"
205,"Física"
206,"Psicologia"
207,"Informática"
208,"Economia"
209,"Doenças Infecciosas"
210,"Engenharia Mecânica"
211,"Educação"
212,"Física"
213,"Matemática"
214,"Engenharia de Sistemas e Computação"
215,"Estatística"
216,"Química Orgânica"
217,"Matemática Aplicada"
218,"Ciência e Tecnologia de Polímeros"
219,"Química de Produtos Naturais"
220,"Físico-Química"
221,"Geologia"
222,"Ciências Biológicas (Biofísica)"
223,"Bioquímica"
224,"Ciências Biológicas (Botânica)"
225,"Ciências Biológicas (Farmac. e Terap. Experimental)"
226,"Ciências Biológicas (Genética)"
227,"Ciências (Microbiologia)"
228,"Ciências Biológicas (Zoologia)"
229,"Sociologia e Antropologia"
230,"Antropologia Social"
231,"Filosofia"
232,"História"
233,"Geografia"
234,"Economia da Industria e da Tecnologia"
235,"Engenharia Biomédica"
236,"Engenharia Civil"
237,"Engenharia Elétrica"
238,"Engenharia Mecânica"
239,"Engenharia Metalúrgica e de Materiais"
240,"Engenharia Oceânica"
241,"Engenharia Nuclear"
242,"Engenharia (Pesq. Operac. e Gerenc. de Produção)"
243,"Engenharia Química"
244,"Tecnologia de Processos Químicos e Bioquímicos"
245,"Engenharia de Transportes"
246,"Medicina (Anatomia Patológica)"
247,"Medicina (Cardiologia)"
248,"Medicina (Cirurgia Geral)"
249,"Medicina (Dermatologia)"
250,"Medicina (Endocrinologia)"
251,"Medicina (Gastroenterologia)"
252,"Clínica Médica"
253,"Medicina (Doenças Infecciosas e Parasitárias)"
254,"Nefrologia"
255,"Medicina (Ortopedia e Traumatologia)"
256,"Psiquiatria e Saúde Mental"
257,"Medicina (Radiologia)"
258,"Odontologia (Ortodontia)"
259,"Enfermagem"
260,"Administração"
261,"Comunicação"
262,"Planejamento Urbano e Regional"
263,"Serviço Social"
264,"Lingüística"
265,"Letras (Letras Clássicas)"
266,"Letras (Letras Vernáculas)"
267,"Letras (Ciência da Literatura)"
268,"Música"
269,"Otorrinolaringologia"
270,"Oftalmologia"
271,"Odontologia (Periodontia)"
272,"Odontologia (Odontopediatria)"
273,"Nutrição"
274,"Interdisciplinar de Lingüística Aplicada"
275,"Letras Neolatinas"
276,"Química Biológica"
277,"Arquitetura"
278,"Artes Visuais"
279,"Ciência da Informação"
280,"Ecologia"
281,"Teoria Psicanalítica"
282,"Psicologia"
283,"Ciências Farmacêuticas"
284,"Biotecnologia Vegetal"
285,"Psicossociologia de Comunid. e Ecologia Social"
286,"Planejamento Energético"
287,"Urbanismo"
288,"Química Inorgânica"
289,"Ciências Morfológicas"
290,"Química Orgânica"
291,"Agronomia (Ciência do Solo)"
292,"Ciências Veterinárias"
293,"Ciência e Tecnologia de Alimentos"
294,"Desenvolvimento, Agricultura e Sociedade"
295,"Microbiologia Veterinária"
296,"Medicina Veterinária"
297,"Fitotecnia"
298,"Ciências Ambientais e Florestais"
299,"Biologia Animal"
300,"Educação"
301,"Física"
302,"Matemática"
303,"Geociências (Geoquímica)"
304,"História"
305,"Engenharia Civil"
306,"Patologia (Anatomia Patológica)"
307,"Medicina (Cirurgia Gastroenterológica)"
308,"Medicina (Cirurgia Torácica)"
309,"Medicina (Dermatologia)"
310,"Medicina (Pneumologia)"
311,"Medicina (Pediatria)"
312,"Odontologia (Odontologia Social)"
313,"Medicina Veterinária (Hig. Veter. Proc. Tecn. Prod. de Origem Animal)"
314,"Letras"
315,"Patologia Experimental"
316,"Patologia Buco-Dental"
317,"Engenharia de Produção"
318,"Medicina (Cardiologia)"
319,"Economia"
320,"Medicina Veterinária (Patologia Veterinária)"
321,"Medicina Veterinária (Cir. e Clínica Veterinária)"
322,"Medicina (Neurologia)"
323,"Administracao"
324,"Química Orgânica"
325,"Geologia e Geofísica Marinha"
326,"Medicina (Doenças Infecciosas e Parasitárias)"
327,"Antropologia"
328,"Engenharia Metalúrgica"
329,"Ciência Política"
330,"Ciência da Computação"
331,"Computação Aplicada e Automação"
332,"Engenharia Mecânica"
333,"Ciência Ambiental"
334,"Biologia Marinha"
335,"Biologia (Biociências Nucleares)"
336,"Medicina (Cardiologia)"
337,"Medicina (Endocrinologia)"
338,"Saúde Coletiva"
339,"Medicina (Nefrologia)"
340,"Educação"
341,"Odontologia"
342,"Letras"
343,"Medicina (Urologia)"
344,"Psicologia Social"
345,"Ciências Contábeis"
346,"Direito"
347,"Filosofia"
348,"Morfologia"
349,"Microbiologia"
350,"Modelagem Computacional"
351,"Análise de Bacias: Form. Preenc. e Tect. Modificador"
352,"Educação"
353,"Física"
354,"Matemática"
355,"Informática"
356,"Química (Química Analítica Inorgânica)"
357,"Filosofia"
358,"Teologia"
359,"Economia"
360,"Psicologia (Psicologia Clínica)"
361,"Engenharia Civil"
362,"Engenharia Elétrica"
363,"Engenharia Mecânica"
364,"Engenharia Metalúrgica"
365,"Engenharia de Produção"
366,"Medicina (Endocrinologia)"
367,"Administração de Empresas"
368,"Direito"
369,"Serviço Social"
370,"Letras"
371,"História Social da Cultura"
372,"Relações Internacionais"
373,"Filosofia"
374,"Psicologia (Psicologia Social)"
375,"Direito"
376,"Educação Física"
377,"Química"
378,"Engenharia Elétrica"
379,"Engenharia Mecânica"
380,"Ciência dos Materiais"
381,"Engenharia Nuclear"
382,"Sistemas e Computação"
383,"Engenharia de Transportes"
384,"Matemática"
385,"Física"
386,"Biologia Parasitária"
387,"Saúde Pública"
388,"Medicina Tropical"
389,"Biologia Celular e Molecular"
390,"Saúde da Criança e da Mulher"
391,"Economia"
392,"Administração Pública"
393,"Sociologia"
394,"Ciência Política (Ciência Política e Sociologia)"
395,"Astronomia"
396,"Geofísica"
397,"Música"
398,"Educação Matemática"
399,"Educação"
400,"Enfermagem"
401,"Memória Social e Documento"
402,"Teatro"
403,"Música"
404,"Tecnologia"
405,"Biociências e Biotecnologia"
406,"Educação"
407,"Física"
408,"Matemática"
409,"Ciência da Computação"
410,"Química"
411,"Bioquímica e Imunologia"
412,"Ciências Biológicas (Fisiologia e Farmacologia)"
413,"Ciências Biológicas (Microbiologia)"
414,"Biologia Celular"
415,"Parasitologia"
416,"Ciência Política"
417,"Filosofia"
418,"Economia"
419,"Saneamento, Meio Ambiente e Recursos Hídricos"
420,"Engenharia Elétrica"
421,"Engenharia Mecânica"
422,"Engenharia Metalúrgica e de Minas"
423,"Ciências Técnicas Nucleares"
424,"Patologia"
425,"Cirurgia"
426,"Medicina (Dermatologia)"
427,"Medicina (Medicina Tropical)"
428,"Oftalmologia"
429,"Odontologia"
430,"Administração"
431,"Direito"
432,"Ciência da Informação"
433,"Zootecnia"
434,"Medicina Veterinária"
435,"Ciência de Alimentos"
436,"Sociologia"
437,"Demografia"
438,"Medicina (Pediatria)"
439,"Ecologia (Conservação e Manejo da Vida Silvestre)"
440,"Geografia"
441,"Engenharia de Estruturas"
442,"Geologia"
443,"Educação Física"
444,"Psicologia"
445,"Ciência Animal"
446,"História"
447,"Engenharia Química"
448,"Saúde Pública"
449,"Enfermagem"
450,"Sociologia e Política"
451,"Medicina (Gastroenterologia)"
452,"Arquitetura"
453,"Estudos Lingüísticos"
454,"Estudos Literários"
455,"Fitotecnia (Produção Vegetal)"
456,"Agronomia (Fitopatologia)"
457,"Microbiologia Agrícola"
458,"Genética e Melhoramento"
459,"Ciências Agrárias (Fisiologia Vegetal)"
460,"Engenharia Agrícola"
461,"Agronomia (Solos e Nutrição de Plantas)"
462,"Extensão Rural"
463,"Economia Aplicada"
464,"Zootecnia"
465,"Ciência Florestal"
466,"Ciência e Tecnologia de Alimentos"
467,"Agronomia (Meteorologia Agrícola)"
468,"Agroquímica"
469,"Entomologia"
470,"Engenharia Civil"
471,"Economia Doméstica"
472,"Medicina Veterinária"
473,"Botânica"
474,"Engenharia Elétrica"
475,"Engenharia Mecânica"
476,"Engenharia de Produção"
477,"Agronomia (Fitotecnia)"
478,"Agronomia (Solos e Nutrição de Plantas)"
479,"Administração"
480,"Zootecnia"
481,"Ciência dos Alimentos"
482,"Agronomia (Genética e Melhoramento de Plantas)"
483,"Agronomia (Entomologia)"
484,"Agronomia (Fisiologia Vegetal)"
485,"Engenharia Agrícola"
486,"Engenharia Florestal"
487,"Agronomia (Estatística e Experimentação Agropecuária)"
488,"Agronomia (Agroquímica e Agrobioquímica)"
489,"Agronomia (Fitopatologia)"
490,"Filosofia"
491,"Letras"
492,"Ciências Biológicas (Zoologia)"
493,"Ciência da Religião"
494,"Educação"
495,"Engenharia Elétrica"
496,"Engenharia Mecânica"
497,"Educação"
498,"Imunologia e Parasitologia Aplicadas"
499,"Engenharia Química"
500,"Genética e Bioquímica"
501,"Lingüística"
502,"Desenvolvimento Econômico"
503,"Geografia"
504,"Evolução Crustal e Recursos Naturais"
505,"Engenharia Civil"
506,"Engenharia Mineral"
507,"Letras"
508,"Tratamento da Informação Espacial"
509,"Odontologia"
510,"Patologia"
511,"Tecnologia"
512,"Educação"
513,"Educação Especial (Educ. do Indivíduo Especial)"
514,"Ecologia e Recursos Naturais"
515,"Ciência e Engenharia dos Materiais"
516,"Química"
517,"Engenharia Química"
518,"Matemática"
519,"Ciências da Computação"
520,"Ciências Sociais"
521,"Filosofia"
522,"Física"
523,"Genética e Evolução"
524,"Engenharia de Produção"
525,"Ciências Fisiológicas"
526,"Engenharia Urbana"
527,"Fisioterapia"
528,"Educação"
529,"Física [Sp-Capital]"
530,"Ensino Ciências (Modalidade Física e Química)"
531,"Astronomia"
532,"Matemática [Sp-Capital]"
533,"Matemática Aplicada [Sp-Capital]"
534,"Estatística"
535,"Química (Química Inorgânica)"
536,"Química Orgânica"
537,"Química (Química Analítica) [Sp-Capital]"
538,"Química (Físico-Química)"
539,"Geociências (Mineralogia e Petrologia)"
540,"Oceanografia (Oceanografia Física)"
541,"Geofísica"
542,"Ciências Biológicas (Bioquímica)"
543,"Ciências Biológicas (Botânica)"
544,"Farmacologia"
545,"Ciências Biológicas (Biologia Genética)"
546,"Ciências Biológicas (Microbiologia)"
547,"Ciências (Anatomia Funcional: Estrutura e Ultra-Estrutura)"
548,"Ciências (Biologia Celular e Tecidual)"
549,"Oceanografia (Oceanografia Biológica)"
550,"Ciências (Biologia da Relação Patógeno-Hospedeiro)"
551,"Ciências Biológicas (Zoologia)"
552,"Sociologia"
553,"Ciência Social (Antropologia Social)"
554,"Ciência Política"
555,"Filosofia"
556,"História Social"
557,"História Econômica"
558,"Geografia (Geografia Física)"
559,"Geografia (Geografia Humana)"
560,"Economia"
561,"Psicologia (Psicologia Experimental)"
562,"Psicologia Escolar e do Desenvolvimento Humano"
563,"Psicologia Clínica"
564,"Psicologia Social"
565,"Engenharia Elétrica [Sp-Capital]"
566,"Engenharia Mecânica [Sp-Capital]"
567,"Medicina Veterinária (Reprodução Animal)"
568,"Engenharia Metalúrgica [Sp-Capital]"
569,"Engenharia Naval"
570,"Tecnologia Nuclear"
571,"Engenharia (Engenharia de Produção)"
572,"Engenharia Química"
573,"Engenharia de Transportes [Sp-Capital]"
574,"Patologia"
575,"Patologia Experimental e Comparada"
576,"Medicina (Clínica Cirúrgica) [Sp-Capital]"
577,"Medicina (Dermatologia)"
578,"Alergia e Imunopatologia"
579,"Endocrinologia"
580,"Gastroenterologia Clínica"
581,"Medicina (Obstetrícia e Ginecologia)"
582,"Medicina (Hematologia)"
583,"Medicina (Medicina Preventiva) [Sp-Capital]"
584,"Saúde Pública"
585,"Doenças Infecciosas e Parasitárias"
586,"Neurologia"
587,"Otorrinolaringologia"
588,"Medicina (Pediatria) [Sp-Capital]"
589,"Psiquiatria"
590,"Medicina (Reumatologia)"
591,"Odontologia (Ortodontia) [Sp-Capital]"
592,"Odontologia (Odontopediatria) [Sp-Capital]"
593,"Tecnologia Bioquímico-Farmacêutica"
594,"Farmácia (Análises Clínicas)"
595,"Toxicologia e Análises Toxicológicas"
596,"Fármacos e Medicamentos [Sp-Capital]"
597,"Toxicologia"
598,"Enfermagem"
599,"Educação Física"
600,"Administração"
601,"Controladoria e Contabilidade"
602,"Ciências da Comunicação"
603,"Arquitetura e Urbanismo [Sp-Capital]"
604,"Nutrição Animal"
605,"Anatomia dos Animais Domésticos"
606,"Ciência dos Alimentos [Sp-Capital]"
607,"Lingüística"
608,"Letras (Língua e Literatura Italiana)"
609,"Letras (Língua e Literatura Alemã)"
610,"Letras (Letras Clássicas)"
611,"Filologia e Língua Portuguesa"
612,"Letras (Língua e Literatura Francesa)"
613,"Estudos Linguísticos e Literários em Inglês"
614,"Literatura Brasileira"
615,"Letras (Literatura Portuguesa)"
616,"Letras (Teoria Literária e Literatura Comparada)"
617,"Letras (Língua Espanhola e Literaturas Espanhola e Hispano-Americana)"
618,"Artes"
619,"Ortopedia e Traumatologia"
620,"Ecologia"
621,"Nefrologia"
622,"Pneumologia"
623,"Direito"
624,"Enfermagem (Interunidades)"
625,"Imunologia [Sp-Capital]"
626,"Oftalmologia [Sp-Capital]"
627,"Epidemiologia Experimental Aplicada A Zoonoses"
628,"Meteorologia"
629,"Cardiologia"
630,"Geociências (Recursos Minerais e Hidrogeologia)"
631,"Geociências (Geoquímica e Geotectônica)"
632,"Geociências (Geologia Sedimentar)"
633,"Urologia"
634,"Engenharia Civil [Sp-Capital]"
635,"Engenharia Mineral"
636,"Anestesiologia"
637,"Radiologia"
638,"Integração da América Latina"
639,"Língua Hebraica, Literatura e Cultura Judaica"
640,"Odontologia (Endodontia) [Sp-Capital]"
641,"Odontologia (Periodontia) [Sp-Capital]"
642,"Odontologia (Diagnóstico Bucal) [Sp-Capital]"
643,"Odontologia (Patologia Bucal) [Sp-Capital]"
644,"Odontologia (Prótese Dentária)"
645,"Odontologia (Dentística) [Sp-Capital]"
646,"Odontologia (Clínica Integrada)"
647,"Ciência Ambiental"
648,"Odontologia (Materiais Dentários)"
649,"Interunidades em Energia"
650,"Clínica Veterinária"
651,"Arqueologia"
652,"Ciências (Medicina Legal)"
653,"Medicina (Cirurgia do Aparelho Digestivo)"
654,"Oncologia"
655,"Medicina Veterinária"
656,"Biotecnologia"
657,"Medicina (Cirurgia Torácica e Cardiovascular)"
658,"Psicologia (Neurociências e Comportamento)"
659,"Nutrição Humana Aplicada"
660,"Zootecnia (Qualidade e Produtividade Animal)"
661,"Odontologia (Deontologia e Odontologia Legal)"
662,"Letras (Est. Comp. de Liter. de Língua Portuguesa)"
663,"Medicina (Emergências Clínicas)"
664,"Ciências (Fisiologia Geral)"
665,"Ciências (Fisiologia Humana)"
666,"Ciências Biológicas (Bioestatística) [Rib. Preto]"
667,"Bioquímica [Rib. Preto]"
668,"Ciências Biológicas (Farmacologia) [Rib. Preto]"
669,"Fisiologia [Rib. Preto]"
670,"Ciências Biológicas (Genética) [Rib. Preto]"
671,"Biologia Celular e Molecular"
672,"Patologia Humana [Rib.Preto]"
673,"Medicina (Clínica Cirúrgica) [Rib. Preto]"
674,"Medicina (Tocoginecologia) [Rib.Preto]"
675,"Medicina (Clínica Médica) [Rib. Preto]"
676,"Saúde na Comunidae"
677,"Medicina (Neurologia) [Rib.Preto]"
678,"Oftalmologia [Rib.Preto]"
679,"Medicina (Ortopedia e Traumatologia) [Rib.Preto]"
680,"Medicina (Pediatria) [Rib.Preto]"
681,"Enfermagem Psiquiátrica [Rib. Preto]"
682,"Enfermagem Fundamental [Rib. Preto]"
683,"Entomologia [Rib. Preto]"
684,"Odontologia (Reabilitação Oral) [Rib.Preto]"
685,"Psicobiologia [Rib.Preto]"
686,"Física Aplicada à Medicina e Biologia [Rib. Preto]"
687,"Ciências Farmacêuticas [Rib. Preto]"
688,"Imunologia Básica e Aplicada [Rib. Preto]"
689,"Enfermagem em Saúde Pública [Rib. Preto]"
690,"Medicina (Otorrinolaringologia) [Rib.Preto]"
691,"Medicina (Saúde Mental) [Rib.Preto]"
692,"Química [Rib.Preto]"
693,"Entomologia [Esalq]"
694,"Agronomia (Fitopatologia) [Esalq]"
695,"Fitotecnia [Esalq]"
696,"Agronomia (Genética e Melhoramento de Plantas) [Esalq]"
697,"Agronomia (Microbiologia Agrícola) [Esalq]"
698,"Agronomia (Solos e Nutrição de Plantas) [Esalq]"
699,"Irrigação e Drenagem [Esalq]"
700,"Agronomia (Estatística e Experimentação Agronômica) [Esalq]"
701,"Agronomia ( Física do Ambiente Agrícola ) Esalq"
702,"Ciências (Economia Aplicada) [Esalq]"
703,"Ciência Animal e Pastagens [Esalq]"
704,"Ciências Florestais [Esalq]"
705,"Ciência e Tecnologia de Alimentos [Esalq]"
706,"Fisiologia Bioquímica de Plantas [Esalq]"
707,"Máquinas Agrícolas [Esalq]"
708,"Ciência e Tecnologia de Madeiras [Esalq]"
709,"Física [S.Carlos]"
710,"Matemática [S.Carlos]"
711,"Ciência da Computação e Matemática Computacional [S.Carlos]"
712,"Físico-Química [S. Carlos]"
713,"Bioengenharia [S.Carlos]"
714,"Engenharia Civil (Engenharia de Estruturas) [S. Carlos]"
715,"Engenharia Hidráulica e Saneamento [S.Carlos]"
716,"Geotecnia [S.Carlos]"
717,"Engenharia Elétrica [S. Carlos]"
718,"Engenharia Mecânica [S. Carlos]"
719,"Engenharia Metalúrgica [S. Carlos]"
720,"Engenharia de Transportes [S.Carlos]"
721,"Arquitetura [S.Carlos]"
722,"Química (Química Analítica) [S.Carlos]"
723,"Ciências da Engenharia Ambiental [S.Carlos]"
724,"Ciência e Engenharia de Materiais [S.Carlos]"
725,"Engenharia de produção"
726,"Odontologia (Dentística) [Bauru]"
727,"Odontologia (Estomatologia) [Bauru]"
728,"Odontologia (Odontopediatria) [Bauru]"
729,"Odontologia (Ortodontia) [Bauru]"
730,"Odontologia (Reabilitação Oral) [Bauru]"
731,"Odontologia (Periodontia) [Bauru]"
732,"Odontologia (Endodontia) [Bauru]"
733,"Odontologia (Patologia Bucal) [Bauru]"
734,"Educação"
735,"Física"
736,"Matemática"
737,"Matemática Aplicada"
738,"Ciência da Computação"
739,"Estatística"
740,"Química"
741,"Biologia Vegetal"
742,"Ecologia"
743,"Ciências Biológicas (Fisiologia)"
744,"Biologia (Imunologia)"
745,"Biologia e Patologia Buco-Dental [Piracicaba]"
746,"Sociologia"
747,"Antropologia Social"
748,"Ciência Política"
749,"Lógica e Filosofia da Ciência"
750,"História"
751,"Economia"
752,"Engenharia Elétrica"
753,"Engenharia Mecânica"
754,"Ciências Médicas"
755,"Genética e Biologia Molecular"
756,"Engenharia Agrícola"
757,"Ciência de Alimentos"
758,"Tecnologia de Alimentos"
759,"Engenharia de Alimentos"
760,"Lingüística"
761,"TEORIA E HISTÓRIA LITERÁRIA"
762,"Odontologia [Piracicaba]"
763,"Biologia Celular e estrutural"
764,"Engenharia Química"
765,"Materiais Dentários [Piracicaba]"
766,"Radiologia Odontologica [Piracicaba]"
767,"Geociências"
768,"Ciências Sociais"
769,"Biologia Funcional e Molecular"
770,"Engenharia Civil"
771,"Alimentos e Nutrição"
772,"Lingüística Aplicada"
773,"Multimeios"
774,"Educação Física"
775,"Política Científica e Tecnológica"
776,"Engenharia de Petróleo"
777,"Planejamento de Sistemas Energéticos/Área Interdisciplinar"
778,"Farmacologia"
779,"Parasitologia"
780,"Odontologia (Fisiologia e Biofísica do Sist. Estomatognático) [Piracicaba]"
781,"Pediatria"
782,"Odontologia Legal e Deontologia [Piracicaba]"
783,"Saúde Mental"
784,"Saúde Coletiva"
785,"Artes"
786,"Demografia"
787,"Tocoginecologia"
788,"Cirurgia"
789,"Clínica Odontológica [Piracicaba]"
790,"Clínica Médica"
791,"Filosofia"
792,"Ciências Biológicas (Morfologia)"
793,"Ciências Biológicas (Microbiologia)"
794,"Agronomia (Produção Vegetal) [Jaboticabal]"
795,"Zootecnia (Produção Animal) [Jaboticabal]"
796,"Ciências Biológicas (Zoologia) [Rio Claro]"
797,"Geografia [Rio Claro]"
798,"Ciências Biológicas (Biologia Vegetal) [Rio Claro]"
799,"Odontologia (Dentística Restauradora) [Araraquara]"
800,"Letras (Lingüística e Língua Portuguesa) [Araraquara]"
801,"Odontologia (Odontopediatria) [Araraquara]"
802,"Ciências Biológicas (Zoologia) [Botucatu]"
803,"Letras [Sjrp]"
804,"Letras (Estudos Literários) [Araraquara]"
805,"Sociologia [Araraquara]"
806,"História [Assis]"
807,"Letras [Assis]"
808,"Agronomia (Energia na Agricultura) [Botucatu]"
809,"Medicina Veterinária [Botucatu]"
810,"Ciências Biológicas (Genética) [Sjrp]"
811,"Ciências Biológicas (Anatomia) [Botucatu]"
812,"Ciências Biológicas (Botânica) [Botucatu]"
813,"Ciências Biológicas (Genética) [Botucatu]"
814,"Engenharia Mecânica [Guaratinguetá]"
815,"Agronomia (Genética e Melhoramento de Plantas) [Jaboticabal]"
816,"Zootecnia (Melhoramento Genético Animal) [Jaboticabal]"
817,"Educação Matemática [Rio Claro]"
818,"Agronomia (Proteção de Plantas) [Botucatu]"
819,"Geociências (Geociências e Meio Ambiente) [Rio Claro]"
820,"Agronomia (Entomologia Agrícola) [Jaboticabal]"
821,"Agronomia (Irrigação e Drenagem) [Botucatu]"
822,"Agronomia (Agricultura) [Botucatu]"
823,"Educação [Marília]"
824,"Ciências Biológicas (Microbiologia Aplicada) [Rio Claro]"
825,"Odontologia (Prótese Buco-Maxilo Facial) [S.J.Campos]"
826,"Ciências Biológicas (Biologia Celular e Molecular) [Rio Claro]"
827,"Ciências Matemática [Sjrp]"
828,"Zootecnia (Nutrição e Produção Animal) [Botucatu]"
829,"Aquicultura [Jaboticabal]"
830,"Agronomia (Produção e Tecnologia de Sementes) [Jaboticabal]"
831,"Física [Guararatinguetá]"
832,"Medicina Veterinária (Patologia Animal) [Jaboticabal]"
833,"Alimentos e Nutrição [Araraquara]"
834,"Patologia [Botucatu]"
835,"Medicina Veterinária (Medicina Veterinária Preventiva) [Jaboticabal]"
836,"Odontologia (Ortodontia) [Araraquara]"
837,"Odontologia (Periodontia) [Araraquara]"
838,"Odontologia (Endodontia) [Araraquara]"
839,"Ciências da Motricidade [Rio Claro]"
840,"Artes"
841,"Doenças Tropicais [Botucatu]"
842,"Engenharia Elétrica [Ilha Solteira]"
843,"Serviço Social [Franca]"
844,"Biofísica Molecular [Sjrp]"
845,"Cirurgia Veterinária [Jaboticabal]"
846,"Odontologia (Odontologia Restauradora) [S.J.Campos]"
847,"Química [Araraquara]"
848,"Odontologia (Odontologia Preventiva e Social) [Araçatuba]"
849,"Educação"
850,"Educação (Psicologia da Educação)"
851,"Educação (Currículo)"
852,"Educação Matemática"
853,"Ciências Sociais"
854,"Filosofia"
855,"Ciências da Religião"
856,"História"
857,"Economia"
858,"Psicologia (Psicologia Social)"
859,"Psicologia (Psicologia Clínica)"
860,"Administração"
861,"Ciências Contábeis e Atuariais"
862,"Direito"
863,"Serviço Social"
864,"Comunicação e Semiótica"
865,"Língua Portuguesa"
866,"Lingüística Aplicada ao Ensino de Línguas"
867,"Fonoaudiologia"
868,"Filosofia"
869,"Psicologia"
870,"Biblioteconomia e Ciência da Informação"
871,"Educação"
872,"Educação"
873,"Ciências Biológicas (Biologia Molecular)"
874,"Farmacologia"
875,"Microbiologia e Imunologia"
876,"Patologia"
877,"Medicina (Cardiologia)"
878,"Medicina (Neurocirurgia)"
879,"Medicina (Gastroenterologia Cirúrgica)"
880,"Medicina (Cirurgia Cardiovascular)"
881,"Medicina (Endocrinologia Clínica)"
882,"Gastroenterologia"
883,"Medicina (Obstetrícia)"
884,"Medicina (Ginecologia)"
885,"Medicina (Hematologia)"
886,"Medicina (Nefrologia)"
887,"Medicina (Neurologia)"
888,"Medicina (Otorrinolaringologia)"
889,"Medicina (Pediatria)"
890,"Medicina (Pneumologia)"
891,"Medicina (Urologia)"
892,"Medicina (Dermatologia)"
893,"Medicina (Oftalmologia)"
894,"Distúrbios da Comunicação Humana (Fonoaudiologia)"
895,"Técnicas Operatórias e Cirurgia Experimental"
896,"Medicina (Radiologia Clinica)"
897,"Doenças Infecciosas e Parasitárias"
898,"Reumatologia"
899,"Psiquiatria e Psicologia Médica"
900,"Psicobiologia"
901,"Morfologia"
902,"Enfermagem"
903,"Ortopedia e Traumatologia"
904,"Cirurgia Plástica Reparadora"
905,"Epidemiologia"
906,"Nutrição"
907,"Reabilitação"
908,"Cirurgia Pediátrica"
909,"Computação Aplicada"
910,"Meteorologia"
911,"Sensoriamento Remoto"
912,"Astrofísica"
913,"Engenharia e Tecnologia Espaciais"
914,"Geofísica Espacial"
915,"Física"
916,"Engenharia Eletrônica e Computação"
917,"Engenharia Aeronáutica e Mecânica"
918,"Engenharia de Infra-Estrutura Aeronáutica"
919,"Administração de Empresas"
920,"Economia de Empresas"
921,"Administração Pública e Governo"
922,"Física (IFT)"
923,"Medicina (Gastroenterologia)"
924,"Ciências da Religião"
925,"Psicologia da Saúde"
926,"Comunicação Social"
927,"Administração"
928,"Odontologia"
929,"Medicina (Cirurgia)"
930,"Medicina (Clínica Médica)"
931,"Medicina (Tocoginecologia)"
932,"Medicina (Pediatria)"
933,"Medicina (Otorrinolaringologia)"
934,"Odontologia"
935,"Ciências (Energia Nuclear na Agricultura) [Cena]"
936,"Engenharia Elétrica"
937,"Engenharia de Materiais"
938,"Biotecnologia Industrial"
939,"Ciências da Saúde"
940,"Educação"
941,"Direito"
942,"Medicina (Gastroenterologia Cirúrgica)"
943,"Medicina (Cirurgia de Cabeça e Pescoço)"
944,"Odontologia (Cirurgia e Traumatologia Buco-Maxilo Facial) [Araçatuba]"
945,"Odontologia (Odontopediatria) [Araçatuba]"
946,"Biotecnologia [Araraquara]"
947,"Educação Escolar [Araraquara]"
948,"Cirurgia [Botucatu]"
949,"Agronomia (Horticultura) [Botucatu]"
950,"Fisiopatologia em Clínica Médica [Botucatu]"
951,"Ciências Biológicas (Farmacologia) [Botucatu]"
952,"Pediatria [Botucatu]"
953,"Anestesiologia [Botucatu]"
954,"Ginecologia e Obstetrícia [Botucatu]"
955,"História [Franca]"
956,"Geografia [P. Prudente]"
957,"Ciências Cartográficas [P. Prudente]"
958,"Geociências (Geologia Regional) [Rio Claro]"
959,"Odontologia (Radiologia Odontológica) [S.J.Campos]"
960,"Odontologia (Prótese Parcial Fixa) [S.J.Campos]"
961,"Ortodontia [Piracicaba]"
962,"Educação"
963,"Ciências Geodésicas"
964,"Ciências (Bioquímica)"
965,"Botânica"
966,"Ciências Biológicas (Entomologia)"
967,"Genética"
968,"Biologia Celular e Molecular"
969,"Zoologia"
970,"História"
971,"Medicina (Cardiologia)"
972,"Medicina Interna"
973,"Medicina (Pediatria)"
974,"Ciências do Solo"
975,"Engenharia Florestal"
976,"Letras"
977,"Direito"
978,"Medicina (Clínica Cirúrgica)"
979,"Tecnologia de Alimentos"
980,"Física"
981,"Engenharia de Recursos Hídricos e Ambiental"
982,"Ciências Veterinárias"
983,"Desenvolvimento Econômico"
984,"Administração"
985,"Química"
986,"Antropologia Social"
987,"Geologia"
988,"Meio Ambiente e Desenvolvimento"
989,"Agronomia (Produção Vegetal)"
990,"Sociologia"
991,"Direito Negocial"
992,"Ciência de Alimentos"
993,"Genética e Melhoramento"
994,"Microbiologia"
995,"Medicina (Ciência da Saúde)"
996,"Saúde Coletiva"
997,"Ciência Animal"
998,"Letras"
999,"Agronomia"
1000,"Física"
1001,"Ciências Biológicas (Biologia Celular)"
1002,"Química"
1003,"Engenharia Química"
1004,"Educação"
1005,"Ecologia de Ambientes Aquáticos Continentais"
1006,"Zootecnia"
1007,"Agronomia"
1008,"Física"
1009,"Engenharia Elétrica e Informática Industrial"
1010,"Tecnologia"
1011,"Engenharia Agrícola"
1012,"Matemática e Computação Científica"
1013,"História"
1014,"Engenharia Elétrica"
1015,"Engenharia Mecânica"
1016,"Engenharia de Produção"
1017,"Odontologia"
1018,"Enfermagem"
1019,"Administração"
1020,"Direito"
1021,"Letras (Inglês e Literatura Correspondente)"
1022,"Literatura"
1023,"Lingüística"
1024,"Educação"
1025,"Geografia"
1026,"Antropologia Social"
1027,"Sociologia Política"
1028,"Aquicultura"
1029,"Física"
1030,"Ciência dos Alimentos"
1031,"Química"
1032,"Engenharia Civil"
1033,"Farmacologia"
1034,"Ciência da Computação"
1035,"Ciências Médicas"
1036,"Neurociências"
1037,"Engenharia Química"
1038,"Ciência e Engenharia de Materiais"
1039,"Economia"
1040,"Engenharia Ambiental"
1041,"Biotecnologia"
1042,"Psicologia"
1043,"Ciências Humanas"
1044,"Ciência e Engenharia de Materiais"
1045,"Ciências do Solo"
1046,"Educação"
1047,"Física"
1048,"Matemática"
1049,"Ciência da Computação"
1050,"Geociências"
1051,"Ciências Biológicas (Bioquimica)"
1052,"Botânica"
1053,"Ecologia"
1054,"Ciências Biológicas (Fisiologia)"
1055,"Genética e Biologia Molecular"
1056,"Ciências Biológicas (Neurociências)"
1057,"Sociologia"
1058,"Economia"
1059,"Engenharia Civil (Estruturas)"
1060,"Recursos Hídricos e Saneamento Ambiente"
1061,"Engenharia de Minas, Metalúrgica e de Materiais"
1062,"Medicina (Cardiologia)"
1063,"Medicina (Gastroenterologia)"
1064,"Medicina (Nefrologia)"
1065,"Medicina (Pneumologia)"
1066,"Ciências Farmacêuticas"
1067,"Administração"
1068,"Planejamento Urbano e Regional"
1069,"Economia Rural"
1070,"Ciências Veterinárias"
1071,"Letras"
1072,"Filosofia"
1073,"Ciência Política"
1074,"Antropologia Social"
1075,"Agronomia (Fitotecnia)"
1076,"Zootecnia"
1077,"Ciência do Solo"
1078,"Medicina (Clínica Médica)"
1079,"Química"
1080,"Direito"
1081,"História"
1082,"Música"
1083,"Engenharia Mecânica"
1084,"Psicologia do Desenvolvimento"
1085,"Microbiologia Agrícola e do Ambiente"
1086,"Arquitetura"
1087,"Medicina (Pediatria)"
1088,"Ciências do Movimento Humano"
1089,"Sensoriamento Remoto"
1090,"Odontologia (Patologia Bucal)"
1091,"Medicina Cirurgia"
1092,"Artes Visuais"
1093,"Ciências dos Materiais"
1094,"Biologia Animal"
1095,"Engenharia Química"
1096,"Engenharia de Produção"
1097,"Medicina (Endocrinologia)"
1098,"Matemática Aplicada"
1099,"Biologia Celular e Molecular"
1100,"Educação"
1101,"Filosofia"
1102,"Engenharia Elétrica"
1103,"Engenharia de Produção"
1104,"Ciência do Movimento Humano"
1105,"Agronomia"
1106,"Engenharia Agrícola"
1107,"Extensão Rural"
1108,"Zootecnia"
1109,"Medicina Veterinária"
1110,"Química"
1111,"Ciência e Tecnologia dos Alimentos"
1112,"Letras"
1113,"Engenharia Florestal"
1114,"Distúrbios da Comunicação Humana"
1115,"Ciência e Tecnologia Farmacêuticas"
1116,"Física"
1117,"Engenharia Civil"
1118,"Endodontia"
1119,"Odontologia (Cirurgia e Traumatologia Buco-Maxilo Facial)"
1120,"Zootecnia"
1121,"Veterinária"
1122,"Ciência e Tecnologia Agroindustrial"
1123,"Agronomia"
1124,"Epidemiologia"
1125,"Biotecnologia"
1126,"Educação"
1127,"Ciência e Tecnologia de Sementes"
1128,"Fisiologia Vegetal"
1129,"Oceanografia Biológica"
1130,"Educação Ambiental"
1131,"Engenharia Oceânica"
1132,"Oceanografia Física, Química e Geológica"
1133,"Educação"
1134,"Biociências (Zoologia)"
1135,"Filosofia"
1136,"História"
1137,"Psicologia"
1138,"Odontologia (Cirurgia e Traumatologia Buco-Maxilo Facial)"
1139,"Serviço Social"
1140,"Lingüística e Letras"
1141,"Odontologia (Estomatologia Clínica)"
1142,"Teologia"
1143,"Direito"
1144,"Medicina e Ciências da Saúde"
1145,"Engenharia Elétrica"
1146,"CIÊNCIA DA COMPUTAÇÃO"
1147,"Comunicação"
1148,"História"
1149,"Geologia"
1150,"Educação"
1151,"Ciência da Comunicação"
1152,"Biotecnologia"
1153,"Farmacologia"
1154,"Patologia"
1155,"Medicina (Hepatologia)"
1156,"Teologia"
1157,"Ciências da Saúde (Cardiologia)"
1158,"Desenvolvimento Regional"
1159,"Modelagem Matemática"
1160,"Educação nas Ciências"
1161,"Educação"
1162,"Agricultura Tropical"
1163,"Ecologia e Conservação da Biodiversidade"
1164,"Saúde e Ambiente"
1165,"Educação"
1166,"Saúde Coletiva"
1167,"Física"
1168,"Ecologia e Conservação"
1169,"Química"
1170,"Matemática"
1171,"História"
1172,"Medicina Tropical"
1173,"Letras e Lingüística"
1174,"Biologia"
1175,"Agronomia"
1176,"Educação"
1177,"Direito Agrário"
1178,"Física"
1179,"Filosofia"
1180,"Geografia"
1181,"Medicina Veterinária (Sanidade e Produção Animal)"
1182,"Engenharia Civil"
1183,"Educação"
1184,"Física"
1185,"Matemática"
1186,"Estatística e Métodos Quantitativos"
1187,"Química"
1188,"Geologia"
1189,"Ciências Biológicas (Biologia Molecular)"
1190,"Ecologia"
1191,"Sociologia"
1192,"Antropologia"
1193,"História"
1194,"Economia"
1195,"Psicologia"
1196,"Engenharia Elétrica"
1197,"Medicina Tropical"
1198,"Administração"
1199,"Direito"
1200,"Ciência da Informação"
1201,"Comunicação"
1202,"Fitopatologia"
1203,"Literatura"
1204,"Lingüística"
1205,"Medicina (Clínica Médica)"
1206,"Relações Internacionais"
1207,"Ciência Política"
1208,"Engenharia Mecânica"
1209,"Estudos Comparados sobre as Américas"
1210,"Transportes"
1211,"Patologia Molecular"
1212,"Geotecnia"
1213,"Ciência da Computação"
1214,"Nutrição Humana"
1215,"Política Social"
1216,"Estruturas e Construcao Civil"
1217,"Botânica"
1218,"CIÊNCIAS AGRÁRIAS"
1219,"Tecnologia Ambiental e Recursos Hídricos"
1220,"Arquitetura e Urbanismo"
1221,"Geografia"
1222,"Desenvolvimento Sustentável"
1223,"Biologia Animal"
1224,"Educação"
1225,"Ciências da Reabilitação"
1226,"Estudos Populacionais e Pesquisas Sociais"
1227,"Teologia"
1228,"Oncologia"
1229,"Medicina ( Ortopedia e Traumatologia )"
1230,"Patologia"
1231,"Princípios da Cirurgia"
1232,"Medicina Tropical e Infectologia"
1233,"Agronomia"
1234,"Medicina (Pediatria)"
1235,"Engenharia e Ciência de Alimentos"
1236,"Habitação: Planejamento e Tecnologia"
1237,"Direito"
1238,"Engenharia Elétrica"
1239,"Engenharia Mecânica"
1240,"Informática Aplicada"
1241,"Medicina (Pediatria)"
1242,"Psicologia Experimental: Análise do Comportamento"
1243,"Clínica Médica"
1244,"Economia Empresarial"
1245,"Geografia"
1246,"Saúde Coletiva"
1247,"Direito"
1248,"Geografia"
1249,"ENGENHARIA"
1250,"Engenharia e Ciência dos Materiais"
1251,"Produção Vegetal"
1252,"Ciências Sociais"
1253,"Física"
1254,"Desenvolvimento Regional e Meio Ambiente"
1255,"Desenvolvimento e Meio Ambiente"
1256,"Artes Cênicas"
1257,"Geografia"
1258,"Engenharia Elétrica e de Computação"
1259,"Engenharia Elétrica"
1260,"Saúde e Ambiente"
1261,"Ciências Farmacêuticas"
1262,"Comunicação Social"
1263,"Engenharia de Produção"
1264,"Estatística"
1265,"Genética"
1266,"Medicina (Obstetrícia e Ginecologia)"
1267,"Ciências Biológicas"
1268,"Engenharia de Materiais"
1269,"Ciências Jurídicas"
1270,"Engenharia de Produção"
1271,"Engenharia Mecânica"
1272,"Estatística"
1273,"Saúde Coletiva"
1274,"Comunicação e Informação"
1275,"Métodos Numéricos em Engenharia"
1276,"Informática"
1277,"Enfermagem"
1278,"Engenharia Elétrica"
1279,"Geografia"
1280,"Psicologia Social e Institucional"
1281,"Ciências Biológicas (Fisiologia)"
1282,"Informática"
1283,"Odontologia"
1284,"Saúde Coletiva"
1285,"Bioecologia Aquática"
1286,"Bioquímica"
1287,"Fitopatologia"
1288,"Zootecnia"
1289,"Agroecossistemas"
1290,"Educação Física"
1291,"Filosofia"
1292,"Metrologia Científica e Industrial"
1293,"Recursos Genéticos Vegetais"
1294,"Saúde Pública"
1295,"Ciências Biológicas (Bioquímica Toxicológica)"
1296,"Integração Latino-Americana"
1297,"Medicina de Urgência"
1298,"Clínica Médica"
1299,"Medicina Interna e Terapêutica"
1300,"Direito"
1301,"Química"
1302,"Sexologia"
1303,"Engenharia de Produção"
1304,"Arte"
1305,"Odontologia"
1306,"Ciências Florestais"
1307,"Direito"
1308,"Ciências Farmacêuticas [Araraquara]"
1309,"Ciências Jurídicas"
1310,"Engenharia Biomédica"
1311,"Agronomia"
1312,"Zootecnia [Ilha Solteira]"
1313,"Educação"
1314,"Microbiologia [Jaboticabal]"
1315,"Gerontologia"
1316,"Qualidade"
1317,"Engenharia Mecânica [Ilha Solteira]"
1318,"Ciência da Computação [Sp-Capital]"
1319,"Letras (Língua Literatura e Cultura Japonesa)"
1320,"Odontologia (Odontologia Restauradora) [Rib.Preto]"
1321,"Psicologia [Rib.Preto]"
1322,"Odontologia (Cirurgia e Traumatologia Buco-Maxilo Facial)"
1323,"Tocoginecologia"
1324,"Desenvolvimento e Meio Ambiente"
1325,"Design"
1326,"Ciência da Arte"
1327,"Comunicação, Imagem e Informação"
1328,"Neuroimunologia"
1329,"Saúde Pública [Nesc/Pe]"
1330,"Metrologia para a Qualidade Industrial"
1331,"Ciências Agrárias"
1332,"Matemática"
1333,"Engenharia"
1334,"Desenvolvimento e Meio Ambiente"
1335,"Desenvolvimento e Meio Ambiente"
1336,"Medicina (Cardiologia)"
1337,"História"
1338,"Química"
1339,"Física"
1340,"Fitossanidade"
1341,"Ecologia e Conservação de Recursos Naturais"
1342,"Ciências Biológicas (Doenças Parasitárias)"
1343,"Genética e Biologia Molecular"
1344,"Sustentabilidade Sócio-Econômica e Ambiental"
1345,"Recursos Naturais"
1346,"Agronegócios"
1347,"Administração Pública"
1348,"História Social"
1349,"Educação"
1350,"Sociologia"
1351,"Ciência de Alimentos"
1352,"Ciência Animal"
1353,"Engenharia e Ciência de Alimentos [Sjrp]"
1354,"Matemática Aplicada [Sjrp]"
1355,"Enfermagem"
1356,"Clínica Médica"
1357,"Medicina Interna"
1358,"Serviço Social"
1359,"Desenvolvimento Econômico, Espaço e Meio Ambiente"
1360,"Arquitetura e Urbanismo"
1361,"Administração"
1362,"Economia Social e do Trabalho"
1363,"História Econômica"
1364,"Direito"
1365,"Artes Visuais"
1366,"Engenharia Sanitária"
1367,"Engenharia Civil"
1368,"Engenharia de Energia"
1369,"Gestão Empresarial"
1370,"Agricultura Tropical e Subtropical"
1371,"Letras"
1372,"Distúrbios do Desenvolvimento"
1373,"Engenharia Mecânica"
1374,"Urbanismo"
1375,"Física"
1376,"Economia"
1377,"Lingüística Aplicada"
1378,"Enfermagem"
1379,"Psicanálise"
1380,"Agronomia (Produção Vegetal)"
1381,"Meteorologia"
1382,"Psicologia"
1383,"Artes Visuais"
1384,"História"
1385,"Geografia"
1386,"Engenharia"
1387,"Tecnologia Educacional nas Ciências da Saúde"
1388,"Engenharia de Produção"
1389,"Sistemas e Computação"
1390,"Biologia Vegetal"
1391,"Farmácia"
1392,"Agronomia (Ciências do Solo) [Jaboticabal]"
1393,"Filosofia [Marília]"
1394,"Estudos Lingüísticos [Sjrp]"
1395,"Administração de Empresas"
1396,"Engenharia de Produção"
1397,"Direito"
1398,"Ciências (Fisiopatologia Experimental)"
1399,"Biologia Comparada"
1400,"Ciências do Mar"
1401,"Disturbios da Comunicação"
1402,"Análise Regional"
1403,"Ciencias da Saude"
1404,"Historia"
1405,"Historia"
1406,"Odontologia (Endodontia)"
1407,"Educacao"
1408,"Odontologia"
1409,"Educação para a Ciência -UNESP-Bauru"
1410,"Ciencias e Praticas Educativas"
1411,"Historia da Ciencia"
1412,"Agricultura Familiares e Desenvolvimento Sustentavel"
1413,"Linguistica Aplicada"
1414,"Ciências Veterinarias"
1415,"Agronomia (Sistema de Producao ) - UNESP - Ilha Solteira"
1416,"Engenharia Eletrica"
1417,"Estomatopatologia"
1418,"Saude Coletiva-Unesp-Bot"
1419,"Ciencia da Motricidade Humana"
1420,"Educacao"
1421,"Historia- UEM/UEL"
1422,"História"
1423,"Psicologia"
1424,"Sociologia"
1425,"Oceanografia Quimica e Geologica"
1426,"Letras"
1427,"Musica"
1428,"Desenvolvimento Rural"
1429,"Ciencias Sociais"
1430,"Filosofia"
1431,"Ciências Contábeis"
1432,"Zootecnia-UFRPE-UFPB-UFC"
1433,"Estatistica"
1434,"Processos Biotecnologicos"
1435,"Odontologia(Periodontia)"
1436,"Medicina Veterinaria [Jaboticabal]"
1437,"Fisica - UEM-UEL"
1438,"Quimica"
1439,"Comunicação e Linguagens"
1440,"Comunicação e Mercado"
1441,"Ciência e Engenharia de Materiais"
1442,"Engenharia Mecânica"
1443,"Engenharia Elétrica"
1444,"Sociologia e Direito"
1445,"Gerontologia"
1446,"Eduacao,Arte e Historia da Cultura"
1447,"Zoologia de Vertebrados"
1448,"Farmacologia"
1449,"Ciências Fisiológicas- Fisiologia Animal Comparada"
1450,"Ciências Sociais"
1451,"Ciências Sociais"
1452,"Turismo e Hotelaria"
1453,"Administracao: Gestão Moderna de Negócios"
1454,"Econômia"
1455,"Direito"
1456,"Ciencias Criminais"
1457,"Direitos das Obrigacões"
1458,"Produção Animal"
1459,"Bioquimica Agricola"
1460,"Medicina Veterinaria Tropical"
1461,"CIÊNCIAS DO MOVIMENTO HUMANO"
1462,"Odontologia (Cirurgia e Traumatologia Buco-Maxilo Facial"
1463,"Odontologia"
1464,"Engenharia de Reservatorio e de Exploracao"
1465,"Ciências Fisiológicas"
1466,"História"
1467,"Economia Aplicada"
1468,"Modelagem Computacional"
1469,"Engenharia e Ciência de Materiais"
1470,"MICROBIOLOGIA"
1471,"ENGENHARIA DE ALIMENTOS"
1472,"Botânica"
1473,"Gerontologia Biomédica"
1474,"Computação Aplicada"
1475,"Epidemiologia"
1476,"ADMINISTRAÇÃO- UEM/UEL"
1477,"Agronomia"
1478,"QUÍMICA DOS RECURSOS NATURAIS"
1479,"ECONOMIA -Unesp Araraquara"
1480,"CIÊNCIAS SOCIAIS"
1481,"Engenharia Biomédica"
1482,"Biotecnologia"
1483,"REABILITAÇÃO ORAL- Araraquara"
1484,"FISIOPATOLOGIA CLÍNICA E EXPERIMENTAL"
1485,"RECURSOS FLORESTAIS-ESALQ"
1486,"ENGENHARIA MECÂNICA E DE MATERIAIS"
1487,"PSICOLOGIA"
1488,"Geociencias"
1489,"CIÊNCIAS DO AMBIENTE E SUSTENTABILIDADE NA AMAZÔNIA"
1490,"CIÊNCIAS AGRÁRIAS"
1491,"FISICA QUIMICA E NEUROCIÊNCIAS"
1492,"LETRAS"
1493,"CIÊNCIA DA NUTRIÇÃO"
1494,"FISICA APLICADA"
1495,"SERVIÇO SOCIAL E POLÍTICA SOCIAL"
1496,"PSICOLOGIA-Assis"
1497,"AGRONOMIA"
1498,"Ciências Biológicas"
1499,"Geografia, Meio Ambiente e Desenvolvimento"
1500,"Ciências e Engenharia de Petróleo"
1501,"BIOLOGIA EXPERIMENTAL"
1502,"EDUCAÇÃO-Formação de Professores"
1503,"PSICOLOGIA"
1504,"Ciências da Religião"
1505,"ENGENHARIA AMBIENTAL URBANA"
1506,"CIÊNCIA DE MATERIAIS"
1507,"Química"
1508,"MATERIAIS PARA ENGENHARIA"
1509,"Estudos da Linguagem"
1510,"Engenharia e Ciência dos Materiais"
1511,"Física"
1512,"CIÊNCIA DOS MATERIAIS"
1513,"ENSINO, FILOSOFIA E HISTÓRIA DAS CIÊNCIAS"
1514,"Informática na Educação"
1515,"Meteorologia"
1516,"ENGENHARIA ELETRICA"
1517,"Ciências Farmaceuticas"
1518,"ENGENHARIA CIVIL"
1519,"GENÉTICA E BIOLOGIA MOLECULAR"
1520,"ENGENHARIA QUÍMICA"
1521,"BIOMETRIA"
1522,"ARQUITETURA E URBANISMO"
1523,"ECOLOGIA E BIOMONITORAMENTO"
1524,"Analises Clinicas"
1525,"CIÊNCIAS DA SAÚDE"
1526,"Biologia"
1527,"BIOLOGIA AMBIENTAL"
1528,"CONSTRUÇÃO CIVIL"
1529,"RADIOPROTEÇÃO E DOSIMETRIA"
1530,"Microbiologia Agrícola"
1531,"Biotecnologia"
1532,"ENGENHARIA QUIMICA"
1533,"Física"
1534,"CIÊNCIAS FARMACÊUTICAS: INSUMOS E MEDICAMENTOS"
1535,"Odontologia"
1536,"Tecnologias Ambientais"
1537,"Ciência da Computação"
1538,"SERVIÇO SOCIAL"
1539,"FÍSICA-RC"
1540,"HISTÓRIA DAS CIÊNCIAS"
1541,"Saúde na Comunidade (Ribeirão Preto)"
1542,"EDUCAÇÃO"
1543,"ODONTOLOGIA-UFPB/UFBA"
1544,"ADMINISTRAÇÃO DE EMPRESAS"
1545,"Ciencias Agrarias"
1546,"COMUNICAÇÃO"
1547,"Engenharia Mecânica"
1548,"PSICOLOGIA CLÍNICA"
1549,"ENGENHARIA QUÍMICA"
1550,"Psicologia"
1551,"Aquicultura"
1552,"Psiquiatria"
1553,"Engenharia de Materiais"
1554,"Educação"
1555,"Psicologia"
1556,"ODONTOLOGIA (BIOPATOLOGIA BUCAL)"
1557,"Música"
1558,"Biologia Animal-SJRP"
1559,"ENGENHARIA CIVIL"
1560,"Engenharia de Transportes"
1561,"Planejamento e Gestão Ambiental"
1562,"Letras (História da Literatura)"
1563,"Enfermagem"
1564,"Matemática Aplicada"
1565,"Engenharia Civil"
1566,"CIÊNCIAS GEODÉSICAS E TECNOLOGIAS DA GEOINFORMAÇÃO"
1567,"Ciências Contábeis"
1568,"CIÊNCIAS BIOLÓGICAS"
1569,"DIREITO TRIBUTÁRIO E EMPRESARIAL"
1570,"EDUCAÇÃO"
1571,"Educação"
1572,"Saúde e Comportamento"
1573,"Economia de Empresas"
1574,"POLÍTICAS SOCIAIS"
1575,"ECOLOGIA DE AGROECOSSISTEMAS"
1576,"Fisiopatologia Médica"
1577,"Engenharia de Alimentos"
1578,"CIÊNCIAS BIOLÓGICAS: FARMACOLOGIA BIOQUÍMICA MOLECULAR"
1579,"BIOLOGIA VEGETAL"
1580,"Botânica"
1581,"Engenharia Ambiental"
1582,"Lingüística"
1583,"Agriculturas Amazônicas"
1584,"Ciência Animal"
1585,"Agroecologia"
1586,"Ensino das Ciências"
1587,"Literatura e Diversidade Cultural"
1588,"Redes de Computadores"
1589,"Medicina (Clínica Obstétrica)"
1590,"Tisiologia e Pneumologia"
1591,"Medicina (Ginecologia)"
1592,"Engenharia de Reservatório e de Exploração"
1593,"Música"
1594,"Engenharia de Barragens"
1595,"Odontologia"
1596,"Modelagem Matemática em Finanças"
1597,"Pesquisa e Desenvolvimento (Biotecnologia Médica)"
1598,"Economia da Saúde"
1599,"Fisiologia do Exercício"
1600,"Tecnologia Ambiental"
1601,"Clínica Odontológica"
1602,"Engenharia de Produção"
1603,"Patologia Tropical"
1604,"Ciências Farmacêuticas"
1605,"Enfermagem"
1606,"Filosofia"
1607,"Ciências da Saúde"
1608,"Gestão Pública para o Desenvolvimento do Nordeste"
1609,"Educação e Contemporaneidade"
1610,"Sistemas de Gestão"
1611,"Engenharia de Computação"
1612,"Direito"
1613,"Direito"
1614,"Promoção de Saúde"
1615,"Lasers em Odontologia"
1616,"Projeto e Operação de Sistemas Nucleares"
1617,"Ciências"
1618,"Serviço Social"
1619,"Odontologia (Radiologia Buco-Maxilo-Facial)"
1620,"Nutrição Humana"
1621,"Planejamento Urbano e Regional"
1622,"Bioengenharia"
1623,"Ortodontia"
1624,"Odontologia"
1625,"Odontologia (Implantologia)"
1626,"Odontologia"
1627,"Tecnologia Ambiental"
1628,"Engenharia de Computação"
1629,"Serviço Social e Política Social"
1630,"Letras e Cultura Regional"
1631,"Turismo"
1632,"Direito"
1633,"Saúde Coletiva"
1634,"Engenharia: Energia, Ambiente e Materiais"
1635,"Letras"
1636,"Gestão do Patrimônio Cultural"
1637,"Engenharia de Processos"
1638,"Recursos Pesqueiros e Aquicultura"
1639,"Química"
1640,"Ciências Ambientais"
1641,"Ciencias Biologicas (Zoologia)"
1642,"Filosofia"
1643,"Psicologia"
1644,"Ciências Ambientais"
1645,"Ciências Veterinárias"
1646,"Ciências Econômicas"
1647,"Agronomia ( Fitotecnia)"
1648,"ENGENHARIA ELETRICA"
1649,"CIÊNCIAS FARMACÊUTICAS"
1650,"DIREITO POLÍTICO E ECONÔMICO"
1651,"ENGENHARIA ELETRICA"
1652,"Filosofia"
1653,"Nutrição"
1654,"Arquitertura e Urbanismo"
1655,"Engenharia Urbana ( J.Pessoa)"
1656,"QUÍMICA ANALÍTICA"
1657,"Educação"
1658,"CIÊNCIAS DA RELIGIÃO"
1659,"Ecologia e Manejo de Recursos Naturais"
1660,"Matemática Computacional"
1661,"Odontopediatria [Rib. Preto]"
1662,"Ciências da Saúde"
1663,"Administração"
1664,"Política Social"
1665,"CIÊNCIAS FLORESTAIS"
1666,"Ciências da Saúde"
1667,"Administração"
1668,"Ciências Contábeis"
1669,"Direito"
1670,"Ciências da Reabilitação"
1671,"GESTÃO DE POLÍTICAS PÚBLICAS"
1672,"Ciência da Informação"
1673,"Engenharia de Edificações e Saneamento"
1674,"Biotecnologia"
1675,"Zoologia"
1676,"Ensino de Ciência e Educação Matemática"
1677,"Patologia Experimental"
1678,"Educação Científica e Tecnológica"
1679,"Engenharia Ambiental"
1680,"Economia"
1681,"Educação de Ciências e Matemática"
1682,"Vigilãncia Sanitária"
1683,"Teatro"
1684,"Ciência da Computação"
1685,"Filosofia"
1686,"CIÊNCIA DA COMPUTAÇÃO"
1687,"Odontologia"
1688,"Educação"
1689,"Comunicação"
1690,"BIODIVERSIDADE VEGETAL E MEIO AMBIENTE"
1691,"Educação"
1692,"Engenharia Civil"
1693,"Geografia"
1694,"Filosofia"
1695,"GENÉTICA E BIOLOGIA MOLECULAR"
1696,"Literatura e Crítica Literária"
1697,"ENTOMOLOGIA E CONSERVAÇÃO DA BIODIVERSIDADE"
1698,"Pós-Graduação em Quimica"
1699,"Direito"
1700,"Direito Processual e Cidadania"
1701,"Genética e Melhoramento"
1702,"Ciência e Tecnologia das Radiações e dos Materias"
1703,"ENFERMAGEM NA SAÚDE DO ADULTO"
1704,"Mestrado em Educação"
1705,"Enfermagem"
1706,"Psicologia"
1707,"Lingüística"
1708,"Engenharia de Produção"
1709,"Patologia Tropical"
1710,"Agriculturas Amazônicas"
1711,"Ciência Animal"
1712,"Educação Em Ciências e Matemáticas"
1713,"Ciências Sociais"
1714,"Programa de Pós-Graduação Em Economia"
1715,"Sustentabilidade de Ecossistemas"
1716,"Agroecologia"
1717,"Desenvolvimento e Meio Ambiente"
1718,"Políticas Públicas"
1719,"Ciências Farmacêuticas"
1720,"Toco-Ginecologia"
1721,"Ciências Marinhas Tropicais"
1722,"Ligüística Aplicada"
1723,"Políticas Públicas e Sociedade"
1724,"Enfermagem"
1725,"Filosofia"
1726,"Ciências da Saúde"
1727,"Ensino de Ciências Naturais e Matemática"
1728,"Gestão Pública Para O Desenvolvimento do Nordeste"
1729,"Ensino das Ciências"
1730,"Odontologia"
1731," Ciências da Saude"
1732,"Ciência da Informação"
1733,"Gerenciamento e Tecnologia Ambiental No Processo Produtivo"
1734,"Literatura e Diversidade Cultural"
1735,"Educação e Contemporaneidade"
1736,"Cultura & Turismo - Parceria Uesc/Ufba"
1737,"Ciências Contábeis"
1738,"Redes de Computadores"
1739,"Regulação da Indústria de Energia"
1740,"Mestrado Em Administração Estratégica"
1741,"Administração"
1742,"Direito"
1743,"Ciência Política"
1744,"Engenharia Ambiental"
1745,"Sistemas de Gestão"
1746," Medicina"
1747,"Engenharia de Computação"
1748,"Direito"
1749,"Administração e Desenvolvimento Empresarial"
1750,"Odontologia"
1751,"Engenharia de Reservatório e de Exploração"
1752,"Cognição e Linguagem"
1753,"Administração"
1754,"Economia"
1755,"Odontologia"
1756,"Direito"
1757,"Direito"
1758,"Música"
1759,"Ciências da Reabilitação"
1760," Clínica Médica"
1761,"Engenharia de Barragens"
1762,"Odontologia"
1763,"Administração"
1764,"FISIOTERAPIA"
1765,"Direito"
1766,"Pós-Graduação Em Engenharia Elétrica"
1767,"Administração"
1768,"Modelagem Matemática Em Finanças"
1769,"Língua, Literatura e Cultura Arabe"
1770,"Literatura e Cultura Russa"
1771,"Estética e História da Arte"
1772,"Odontologia"
1773,"Psicologia da Saúde"
1774," Odontologia Em Saúde Coletiva"
1775,"Música"
1776,"Comunicação"
1777,"Pesquisa e Desenvolvimento (Biotecnologia Médica)"
1778,"Fisiologia do Exercicio"
1779,"Economia da Saúde"
1780,"Mestrado Em Direito"
1781,"Engenharia Mecânica"
1782,"Tecnologia Ambiental"
1783,"Clínica Odontológica"
1784,"Planejamento Urbano e Regional"
1785,"Bioengenharia"
1786,"Ortodontia"
1787,"Educação"
1788,"Comunicação"
1789,"Odontologia (Implantologia)"
1790,"Odontologia"
1791,"Análises Clínicas"
1792,"Saúde Materno Infantil"
1793,"Tecnologia Ambiental"
1794,"Engenharia de Computação"
1795,"Processos Industriais"
1796,"Administração"
1797,"Educação"
1798,"Promoção de Saúde"
1799,"Controladoria e Contabilidade Estratégica"
1800,"Administração de Empresas"
1801,"Administração"
1802,"Lasers Em Odontologia"
1803,"Sistema Constitucional de Garantia de Direitos"
1804,"Hospitalidade"
1805,"Ciências da Reabilitação Neuro-Motora"
1806,"Ciências"
1807,"Odontologia"
1808,"Engenharia de Produção e Sistemas"
1809,"Ciências Sociais Aplicadas"
1810,"Odontologia"
1811,"Letras -Linguagem e Sociedade"
1812,"Serviço Social"
1813,"Educação"
1814,"Ensino de Física"
1815,"Relações Internacionais"
1816,"Biotecnologia Agricola"
1817,"Ciências Sociais Aplicadas"
1818,"Turismo"
1819,"Direito"
1820,"Letras e Cultura Regional"
1821,"Ciências Médicas"
1822,"Ciências da Saúde (Cardiologia)"
1823,"Saúde Coletiva"
1824,"Ensino de Ciências e Matemática"
1825,"Engenharia: Energia, Ambiente e Materiais"
1826,"Desenvolvimento, Gestão e Cidadania"
1827,"Geografia"
1828,"Física e Meio Ambiente"
1829,"Letras"
1830,"Ciência da Computação"
1831,"Ciência Animal"
1832,"Geografia"
1833,"Agronegócios"
1834,"Desenvolvimento Local"
1835,"Psicologia"
1836,"Meio Ambiente e Desenvolvimento Regional"
1837,"Produção Agroindustrial"
1838,"Odontologia (Radiologia Buco Maxilo Facial)"
1839,"Gestão do Patrimônio Cultural"
1840,"Nutrição Humana"
1841,"Ciências Genômicas e Biotecnologia"
1842,"Gestão do Conhecimento e Tecnologia da Informação"
1843,"Diplomacia"
1844,"Ciência Política"
1845,"DESENVOLVIMENTO E MEIO AMBIENTE"
1846,"ECONOMIA"
1847,"MECATRÔNICA"
1848,"Biologia Celular e Molecular"
1849,"Ciências da Saúde"
1850,"Ciências da Saúde"
1851,"Análises Clínicas"
1852,"Educação Física"
1853,"Desenvolvimento Regional e Agronegócios"
1854,"Biologia Vegetal"
1855,"Linguística Aplicada"
1856,"MESTRADO EM CIRURGIA"
1857,"Matemática"
1858,"MEDICINA VETERINÁRIA EM PEQUENOS RUMINANTES"
1859,"Desenho Industrial (Bauru)"
1860,"Biotecnologia"
1861,"ODONTOLOGIA"
1862,"Ciência Animal"
1863,"Informática"
1864,"Sociedade e Cultura na Amazônia"
1865,"Ciência do Solo"
1866,"Arqueologia"
1867,"Educação"
1868,"Agronomia ( Melhoramento Genético de Plantas)"
1869,"Sistemas Mecatrônicos"
1870,"Genética, Conservação e Biologia Evolutiva"
1871,"Geografia"
1872,"Química"
1873,"Sistemas Agrosilvopastoris no Semi-Arido"
1874,"cultura visual"
1875,"Física"
1876,"Ciências Médicas"
1877,"Cirurgia e Experimentação"
1878,"Zoologia"
1879,"Direito"
1880,"Matematica"
1881,"Doenças Tropicais e Infecciosas"
1882,"Odontologia"
1883,"Direito Constitucional"
1884,"Educação em Saúde"
1885,"Informatica Aplicada"
1886,"Psicologia"
1887,"Saude e Meio Ambiente"
1888,"Sociologia"
1889,"Educação"
1890,"Educação"
1891,"Engenharia e Ciência dos materiais"
1892,"Bioinformatica"
1893,"Engenharia Automotiva ( Profissionalizante)"
1894,"Quimica"
1895,"Cirurgia Plástica"
1896,"Odontopediatria e Ortodontia (Profissionalizante)"
1897,"Administração da Prática Oftalmológica (Profissionalizante)"
1898,"Administração ( Profissionalizante)"
1899,"Administração ( Profissionalizante)"
1900,"Administração e Negócios ( Profissionalizante)"
1901,"Mestrado Profissionalizante em Engenharia de Reatores(profissionalizante)"
1902,"Engenharia Mecânica"
1903,"Agronomia"
1904,"CIÊNCIA DA INFORMAÇÃO"
1905,"Saúde Coletiva"
1906,"PRODUÇÃO VEGETAL"
1907,"TEOLOGIA"
1908,"PLANEJAMENTO REGIONAL E GESTÃO DA CIDADE (PROFISSIONALIZANTE)"
1909,"MESTRADO EM LETRAS"
1910,"Clínica Médica"
1911,"Diversidade Vegetal: Conhecer e Conservar"
1912,"Administração"
1913,"Engenharia Elétrica"
1914,"Astronomia"
1915,"Ciências Médicas"
1916,"Ciência e Tecnologia de Alimentos"
1917,"Ciências"
1918,"Estudos de Linguagem"
1919,"Engenharia Civil"
1920,"Psicologia"
1921,"Parasitologia"
1922,"Ciências Sociais"
1923,"Engenharia"
1924,"Produção Vegetal"
1925,"CIÊNCIA E TECNOLOGIA AMBIENTAL"
1926,"CIÊNCIAS DA SAUDE"
1927,"Odontologia Preventiva e Social"
1928,"Educação Física"
1929,"CIÊNCIAS DA REABILITAÇÃO"
1930,"Administração e Desenvolvimento Rural"
1931,"CIÊNCIAS VETERINÁRIAS"
1932,"Filosofia"
1933,"CIÊNCIA E TECNOLOGIA DE MATERIAIS"
1934,"Microbiologia, Parasitologia e Patologia"
1935,"Comunicação"
1936,"Estética e História da Arte"
1937,"História"
1938,"Microbiologia Médica"
1939,"Tecnologia em Saúde"
1940,"CIÊNCIAS DA SAÚDE"
1941,"ZOOTECNIA"
1942,"EDUCAÇÃO/RC"
1943,"Telecomunicações"
1944,"Desenvolvimento Regional e Meio Ambiente"
1945,"Ensino em Biociências e Saúde"
1946,"Educação"
1947,"Pesquisa Clínica em Doenças Infecciosas"
1948,"BIOLOGIA ORAL"
1949,"CIÊNCIA E TECNOLOGIA DE ALIMENTOS"
1950,"DIREITO DAS RELAÇÕES INTERNACIONAIS"
1951,"Odontologia"
1952,"Ciências Farmacêuticas"
1953,"PRODUÇÃO VEGETAL"
1954,"FISIOTERAPIA"
1955,"Química"
1956,"CIÊNCIAS FLORESTAIS E AMBIENTAIS"
1957,"ADMINISTRAÇÃO"
1958,"AGRICULTURA NO TRÓPICO ÚMIDO"
1959,"Ciências da Saude"
1960,"MESTRADO EM DIREITO AMBIENTAL"
1961,"ODONTOLOGIA"
1962,"SERVIÇO SOCIAL"
1963,"FISICA"
1964,"ODONTOLOGIA"
1965,"BIOLOGIA DE AGENTES INFECCIOSOS E PARASITÁRIOS"
1966,"MESTRADO EM MATEMÁTICA E ESTATÍSTICA"
1967,"CIÊNCIAS DO AMBIENTE"
1968,"ENFERMAGEM"
1969,"MESTRADO EM EDUCAÇÃO FÍSICA"
1970,"GESTÃO URBANA"
1971,"FILOSOFIA"
1972,"EDUCAÇÃO PARA A CIÊNCIA E A MATEMATICA"
1973,"MESTRADO EM ENFERMAGEM"
1974,"AGRONOMIA"
1975,"ENGENHARIA DE PRODUÇÃO"
1976,"MESTRADO EM ODONTOLOGIA"
1977,"CIÊNCIA JURÍDICA"
1978,"DESENVOLVIMENTO DE TECNOLOGIA"
1979,"PSICOLOGIA"
1980,"EDUCAÇÃO"
1981,"DIREITO"
1982,"ESTUDOS DA TRADUÇÃO"
1983,"ODONTOLOGIA"
1984,"CIÊNCIAS DA NUTRIÇÃO - J.P."
1985,"GEOGRAFIA"
1986,"CONTABILIDADE"
1987,"ADMINISTRAÇÃO"
1988,"CIÊNCIA E ENGENHARIA DE MATERIAIS"
1989,"GEOGRAFIA"
1990,"GEOMÁTICA"
1991,"DESIGN"
1992,"ADMINISTRAÇÃO"
1993,"ENGENHARIA CIVIL"
1994,"CIÊNCIAS DA LINGUAGEM"
1995,"MATERIAIS"
1996,"Diagnóstico Genético Muscular"
1997,"DIREITO"
1998,"ECOLOGIA E EVOLUÇÃO"
1999,"CIÊNCIAS MEDICAS"
2000,"CIÊNCIAS MECÂNICAS"
2001,"CIÊNCIAS DA COMPUTAÇÃO"
2002,"ENSINO DE CIÊNCIAS"
2003,"ADMINISTRAÇÃO E DESENVOLVIMENTO RURAL"
2004,"SOCIOLOGIA"
2005,"DINÂMICA DO ESPAÇO HABITADO"
2006,"MATEMÁTICA"
2007,"ATENÇÃO À SAÚDE COLETIVA"
2008,"LETRAS"
2009,"AGROECOSSISTEMAS"
2010,"RELACÕES INTERNACIONAIS"
2011,"ARQUITETURA E URBANISMO"
2012,"ODONTOLOGIA"
2013,"NEUROLOGIA"
2014,"ODONTOLOGIA"
2015,"ENGENHARIA CIVIL"
2016,"CIÊNCIAS NATURAIS"
2017,"BIOINFORMÁTICA"
2018,"CIRURGIA"
2019,"OFTALMOLOGIA"
2020,"ENGENHARIA AMBIENTAL"
2021,"CLÍNICA ODONTOLÓGICA"
2022,"LETRAS"
2023,"TURISMO E MEIO AMBIENTE"
2024,"CIÊNCIAS DA SAÚDE"
2025,"ENGENHARIA DE SISTEMAS LOGÍSTICOS"
2026,"ADMINISTRAÇÃO DE ORGANIZAÇÕES"
2027,"ENSINO E HISTÓRIA DE CIÊNCIAS DA TERRA"
2028,"'RELAÇÕES INTERNACIONAIS (UNESP/UNICAMP/PUC-SP)-Marilia"
2029,"INFORMÁTICA EM SAÚDE"
2030,"MEDICINA (DERMATOLOGIA CLÍNICA E CIRÚRGICA)"
2031,"ENSINO EM CIÊNCIAS DA SAÚDE"
2032,"REABILITAÇÃO"
2033,"GESTÃO DE NEGÓCIOS"
2034,"COMUNICAÇÃO"
2035,"PRODUÇÃO INTEGRADA EM AGROECOSSISTEMAS"
2036,"CIÊNCIAS DA SAÚDE"
2037,"EDUCAÇÃO, ADMINISTRAÇÃO E COMUNICAÇÃO"
2038,"FÍSICA E ASTRONOMIA"
2039,"EDUCAÇÃO"
2040,"MEDICINA VETERINÁRIA"
2041,"FILOSOFIA"
2042,"EDUCAÇÃO FÍSICA"
2043,"ODONTOLOGIA"
2044,"CIÊNCIAS"
