1,"ABDIAS ","M"
2,"ABEL ","M"
3,"ABELARDO ","M"
4,"ABILIO ","M"
5,"ABÍLIO ","M"
6,"ABIMEL ","M"
7,"ABRAÃO ","M"
8,"ABRAHÃO ","M"
9,"ABRÃO ","M"
10,"ACILINO ","M"
11,"ACYR ","M"
12,"ADAIAS ","M"
13,"ADAILSON ","M"
14,"ADAILTON ","M"
15,"ADAIR ","M"
16,"ADAIRES ","M"
17,"ADALBERTO ","M"
18,"ADALCIO ","M"
19,"ADALMIR ","M"
20,"ADALTO ","M"
21,"ADAO ","M"
22,"ADÃO ","M"
23,"ADAUTO ","M"
24,"ADEILDO ","M"
25,"ADEILSON ","M"
26,"ADEILTON ","M"
27,"ADELCIO ","M"
28,"ADELINO ","M"
29,"ADELMO ","M"
30,"ADELSON ","M"
31,"ADELZIR ","M"
32,"ADEMAR ","M"
33,"ADEMILSON ","M"
34,"ADEMIR ","M"
35,"ADENARD ","M"
36,"ADENAUER ","M"
37,"ADENILSON ","M"
38,"ADENIR ","M"
39,"ADENISIO ","M"
40,"ADERBAL ","M"
41,"ADERITO ","M"
42,"ADEVALDO ","M"
43,"ADEVAR ","M"
44,"ADIJONSON ","M"
45,"ADILMAR ","M"
46,"ADILSON ","M"
47,"ADÍLSON ","M"
48,"ADILTON ","M"
49,"ADIMILSOM ","M"
50,"ADIMILSON ","M"
51,"ADIRSON ","M"
52,"ADMILSON ","M"
53,"ADMIR ","M"
54,"ADNELSON ","M"
55,"ADNILSON ","M"
56,"ADOLFO ","M"
57,"ADONIAS ","M"
58,"ADONIL ","M"
59,"ADRIAN ","M"
60,"ADRIANO ","M"
61,"AÉCIO ","M"
62,"AFLAUDIZIO ","M"
63,"AFONSO ","M"
64,"AFRÂNIO ","M"
65,"AGARB ","M"
66,"AGENOR ","M"
67,"AGILSON ","M"
68,"AGNALDO ","M"
69,"AGNELO ","M"
70,"AGOSTINHO ","M"
71,"AGUINALDO ","M"
72,"AHMID ","M"
73,"AIDE ","M"
74,"AILSON ","M"
75,"AILTON ","M"
76,"AÍLTON ","M"
77,"AIRTON ","M"
78,"ALAIN ","M"
79,"ALAIR ","M"
80,"ALAN ","M"
81,"ALBERI ","M"
82,"ALBERT ","M"
83,"ALBERTO ","M"
84,"ALCEDIR ","M"
85,"ALCENINHO ","M"
86,"ALCEU ","M"
87,"ALCIDES ","M"
88,"ALCIMAR ","M"
89,"ALCINDO ","M"
90,"ALCIONE ","M"
91,"ALCIR ","M"
92,"ALCIRIO ","M"
93,"ALDACIR ","M"
94,"ALDEMAR ","M"
95,"ALDEMIR ","M"
96,"ALDENILSON ","M"
97,"ALDERI ","M"
98,"ALDERLEY ","M"
99,"ALDO ","M"
100,"ALECIO ","M"
101,"ALECSANDRO ","M"
102,"ALEILSON ","M"
103,"ALEJANDRO ","M"
104,"ALESSANDRO ","M"
105,"ALEVIR ","M"
106,"ALEX ","M"
107,"ALEXANDER ","M"
108,"ALEXANDRE ","M"
109,"ALEXANDRO ","M"
110,"ALEXEI ","M"
111,"ALEXINALDO ","M"
112,"ALEXIS ","M"
113,"ALEXSANDER ","M"
114,"ALEXSANDRO ","M"
115,"ALFREDO ","M"
116,"ÁLIDE ","M"
117,"ALIPIO ","M"
118,"ALISON ","M"
119,"ALLAN ","M"
120,"ALLYSSON ","M"
121,"ALMEIDA ","M"
122,"ALMIR ","M"
123,"ALOISIO ","M"
124,"ALOIZIO ","M"
125,"ALTAFINI ","M"
126,"ALTAIDE ","M"
127,"ALTAIR ","M"
128,"ALTAMIRO ","M"
129,"ALTAVIR ","M"
130,"ALTEMAR ","M"
131,"ALTEVI ","M"
132,"ALTEVIR ","M"
133,"ALTIVANIR ","M"
134,"ALUISIO ","M"
135,"ALUÍSIO ","M"
136,"ALVACIR ","M"
137,"ALVARO ","M"
138,"ÁLVARO ","M"
139,"ALYSSON ","M"
140,"ALZI ","M"
141,"ALZIRO ","M"
142,"AMADEU ","M"
143,"AMADEUS ","M"
144,"AMANCIO ","M"
145,"AMANDO ","M"
146,"AMARAI ","M"
147,"AMARILDO ","M"
148,"AMARO ","M"
149,"AMAURI ","M"
150,"AMAURY ","M"
151,"AMERICO ","M"
152,"AMÉRICO ","M"
153,"AMILCAR ","M"
154,"AMÍLCAR ","M"
155,"AMILTON ","M"
156,"AMIR ","M"
157,"AMÓS ","M"
158,"ANANIAS ","M"
159,"ANASTACIO ","M"
160,"ANDERSON ","M"
161,"ANDRE ","M"
162,"ANDRÉ ","M"
163,"ANDREAS ","M"
164,"ANDREI ","M"
165,"ANDRES ","M"
166,"ANDRÉS ","M"
167,"ANDREVALDO ","M"
168,"ANDREW ","M"
169,"ANDREY ","M"
170,"ANESIO ","M"
171,"ANGEL ","M"
172,"ANGELINO ","M"
173,"ANGÉLIO ","M"
174,"ANGELISIO ","M"
175,"ANGELO ","M"
176,"ÂNGELO ","M"
177,"ANIBAL ","M"
178,"ANIBIO ","M"
179,"ANIS ","M"
180,"ANISIO ","M"
181,"ANIVALDO ","M"
182,"ANIZIO ","M"
183,"ANNIBAL ","M"
184,"ANOÉ ","M"
185,"ANSELMO ","M"
186,"ANTÉLIO ","M"
187,"ANTENOR ","M"
188,"ANTONINHO ","M"
189,"ANTONIO ","M"
190,"ANTÔNIO ","M"
191,"ANTÕNIO ","M"
192,"ANTONY ","M"
193,"APARECIDO ","M"
194,"AQUILÁS ","M"
195,"AQUILES ","M"
196,"ARALDO ","M"
197,"ARCANJO ","M"
198,"ARCILIO ","M"
199,"ARGEMIRO ","M"
200,"ARI ","M"
201,"ARIALDO ","M"
202,"ARIEL ","M"
203,"ARINALDO ","M"
204,"ARIOSVALDO ","M"
205,"ARIOVALDO ","M"
206,"ARISMILDO ","M"
207,"ARISTIDES ","M"
208,"ARISTON ","M"
209,"ARIVALDO ","M"
210,"ARLEI ","M"
211,"ARLINDO ","M"
212,"ARMANDO ","M"
213,"ARMINDO ","M"
214,"ARNALDO ","M"
215,"ARNESTO ","M"
216,"ARNOLD ","M"
217,"ARNOLDO ","M"
218,"ARNULFO ","M"
219,"AROLDO ","M"
220,"ARSENIO ","M"
221,"ARTHUR ","M"
222,"ARTUR ","M"
223,"ARTURO ","M"
224,"ARY ","M"
225,"ASSIS ","M"
226,"ASTURIO ","M"
227,"ATAIDE ","M"
228,"ATAMIR ","M"
229,"ATILA ","M"
230,"ATILIO ","M"
231,"Atleta ","M"
232,"ATTILIO ","M"
233,"AUAD ","M"
234,"AUDAIR ","M"
235,"AUGUSTO ","M"
236,"AURELIANO ","M"
237,"AURELINO ","M"
238,"AURELIO ","M"
239,"AURÉLIO ","M"
240,"AUREO ","M"
241,"ÁUREO ","M"
242,"AURILO ","M"
243,"AURINDO ","M"
244,"AURO ","M"
245,"AUTO ","M"
246,"AVALMIR ","M"
247,"AVELINO ","M"
248,"AVERLANDSON ","M"
249,"AZIZ ","M"
250,"BACHIR ","M"
251,"BALMES ","M"
252,"BART ","M"
253,"BARTOLOMEU ","M"
254,"BASILIO ","M"
255,"BASSAM ","M"
256,"BELMIRO ","M"
257,"BEN ","M"
258,"BENEDICTO ","M"
259,"BENEDIKT-JAN ","M"
260,"BENEDITO ","M"
261,"BENICIO ","M"
262,"BENÍCIO ","M"
263,"BENJAMIM ","M"
264,"BENNY ","M"
265,"BENO ","M"
266,"BENTO ","M"
267,"BENVINDO ","M"
268,"BERIVALDO ","M"
269,"BERNARDINO ","M"
270,"BERNARDO ","M"
271,"BERND ","M"
272,"BERNHARD ","M"
273,"BERTIER ","M"
274,"BINGGELI ","M"
275,"BOLÍVAR ","M"
276,"BONIFÁCIO ","M"
277,"BOSCO ","M"
278,"BOUTROS ","M"
279,"BRASENILDE ","M"
280,"BRAULIO ","M"
281,"BRÁULIO ","M"
282,"BRAZ ","M"
283,"BRENO ","M"
284,"BRETT ","M"
285,"BRIAN ","M"
286,"BRUCE ","M"
287,"BRUNNO ","M"
288,"BRUNO ","M"
289,"CACINALDO ","M"
290,"CAETANO ","M"
291,"CAIO ","M"
292,"CAIQUE ","M"
293,"CAMILO ","M"
294,"CARIOVALDO ","M"
295,"CARLITO ","M"
296,"CARLO ","M"
297,"CARLOS ","M"
298,"CARLY ","M"
299,"CARMELIO ","M"
300,"CARMO ","M"
301,"CASIMIRO ","M"
302,"CASSIANO ","M"
303,"CASSIMIRO ","M"
304,"CASSIO ","M"
305,"CÁSSIO ","M"
306,"CASSIUS ","M"
307,"CATSUTOCHI ","M"
308,"CAUE ","M"
309,"CAUÊ ","M"
310,"CAZUO ","M"
311,"CECIL ","M"
312,"CELESTINO ","M"
313,"CELI ","M"
314,"CELIIO ","M"
315,"CELIO ","M"
316,"CÉLIO ","M"
317,"CELMO ","M"
318,"CELSO ","M"
319,"CERCIO ","M"
320,"CERILO ","M"
321,"CESALTINO ","M"
322,"CESAR ","M"
323,"CÉSAR ","M"
324,"CESARE ","M"
325,"CESARIO ","M"
326,"CEZAR ","M"
327,"CÉZAR ","M"
328,"CHANG ","M"
329,"CHARLES ","M"
330,"CHIUN ","M"
331,"CHOZUM ","M"
332,"CHRISTIAN ","M"
333,"CHRISTIANO ","M"
334,"CHRISTOPHER ","M"
335,"CICERO ","M"
336,"CÍCERO ","M"
337,"CID ","M"
338,"CIDINEI ","M"
339,"CIRILO ","M"
340,"CIRO ","M"
341,"CLADEMILSON ","M"
342,"CLAILTON ","M"
343,"CLARINDO ","M"
344,"CLAUDECY ","M"
345,"CLAUDEMIR ","M"
346,"CLAUDEMIRO ","M"
347,"CLAUDINE ","M"
348,"CLAUDINEI ","M"
349,"CLAUDINER ","M"
350,"CLAUDIO ","M"
351,"CLÁUDIO ","M"
352,"CLAUDIOMIRO ","M"
353,"CLAUDIONOR ","M"
354,"CLAUDIOVAN ","M"
355,"CLAUDIR ","M"
356,"CLAUDOMIRO ","M"
357,"CLAYTON ","M"
358,"CLEBER ","M"
359,"CLEBERSON ","M"
360,"CLEBIO ","M"
361,"CLEBSON ","M"
362,"CLECIO ","M"
363,"CLÉCIO ","M"
364,"CLEINER ","M"
365,"CLEITON ","M"
366,"CLELBER ","M"
367,"CLELIO ","M"
368,"CLEMENTE ","M"
369,"CLENIO ","M"
370,"CLEOMAR ","M"
371,"CLEONE ","M"
372,"CLEÔNIDAS ","M"
373,"CLETO ","M"
374,"CLEUTER ","M"
375,"CLEVERSON ","M"
376,"CLEVERTON ","M"
377,"CLEYTON ","M"
378,"CLEZIO ","M"
379,"CLODOALDO ","M"
380,"CLOVIS ","M"
381,"CLÓVIS ","M"
382,"CONDECI ","M"
383,"CONRADO ","M"
384,"CONSTANTINO ","M"
385,"CORNELIO ","M"
386,"CORNÉLIO ","M"
387,"COSME ","M"
388,"COSMO ","M"
389,"CRISPIM ","M"
390,"CRISTIAN ","M"
391,"CRISTIANO ","M"
392,"CRISTOVAO ","M"
393,"CURT ","M"
394,"CYRO ","M"
395,"CYRUS ","M"
396,"DÁCIO ","M"
397,"DAE ","M"
398,"DAILSON ","M"
399,"DALEONI ","M"
400,"DALMILDO ","M"
401,"DALMIR ","M"
402,"DALMIRO ","M"
403,"DALNEI ","M"
404,"DALTON ","M"
405,"DALVANE ","M"
406,"DAMIAO ","M"
407,"DAMIÃO ","M"
408,"DAN ","M"
409,"DANIEL ","M"
410,"DANILO ","M"
411,"DANTE ","M"
412,"DANTON ","M"
413,"DARCI ","M"
414,"DARCIO ","M"
415,"DARCY ","M"
416,"DARIDIO ","M"
417,"DARIO ","M"
418,"DÁRIO ","M"
419,"DARLAN ","M"
420,"DARWIN ","M"
421,"DAVI ","M"
422,"DAVID ","M"
423,"DECIO ","M"
424,"DÉCIO ","M"
425,"DEIJANIRO ","M"
426,"DEILSON ","M"
427,"DEIVID ","M"
428,"DEJAIR ","M"
429,"DEJAIRSON ","M"
430,"DELARIO ","M"
431,"DELCIO ","M"
432,"DELFIM ","M"
433,"DELFINO ","M"
434,"DELILE ","M"
435,"DELMAR ","M"
436,"DELMIR ","M"
437,"DELMO ","M"
438,"DELSON ","M"
439,"DEMAR ","M"
440,"DEMÁRIO ","M"
441,"DEMÉTRIO ","M"
442,"DEMPSEY ","M"
443,"DENER ","M"
444,"DENICIO ","M"
445,"DENILCIO ","M"
446,"DENILSON ","M"
447,"DENIR ","M"
448,"DENIS ","M"
449,"DENISE ","M"
450,"DENNER ","M"
451,"DEOCLECIANO ","M"
452,"DEOCLECIO ","M"
453,"DEOCLÉCIO ","M"
454,"DEONILDO ","M"
455,"DERCIO ","M"
456,"DERCY ","M"
457,"DERNEVALDO ","M"
458,"DEUSDEDITE ","M"
459,"DEUSDETE ","M"
460,"DEUSIMAR ","M"
461,"DEVAIR ","M"
462,"DEVANIR ","M"
463,"DIANARY ","M"
464,"DICKSON ","M"
465,"DICLER ","M"
466,"DICSON ","M"
467,"DIDACIO ","M"
468,"DIEGO ","M"
469,"DIETER ","M"
470,"DIETMAR ","M"
471,"DILSON ","M"
472,"DILTON ","M"
473,"DIMAS ","M"
474,"DINARTE ","M"
475,"DINIZ ","M"
476,"DIODETE ","M"
477,"DIOGENES ","M"
478,"DIÓGENES ","M"
479,"DIOGO ","M"
480,"DIONE ","M"
481,"DIONISIO ","M"
482,"DIRCEU ","M"
483,"DIRK ","M"
484,"DIVALDO ","M"
485,"DIVINO ","M"
486,"DJACIR ","M"
487,"DJACKSON ","M"
488,"DJALMA ","M"
489,"DJEFERSON ","M"
490,"DOMICIO ","M"
491,"DOMILSON ","M"
492,"DOMINGOS ","M"
493,"DONATO ","M"
494,"DONISETE ","M"
495,"DONIZETE ","M"
496,"DONIZETI ","M"
497,"DONIZETTI ","M"
498,"DORGIVAL ","M"
499,"DORINALDO ","M"
500,"DORIVAL ","M"
501,"DORVAL ","M"
502,"DOUGLAS ","M"
503,"DOURINALDO ","M"
504,"DOURIVALDO ","M"
505,"DOV ","M"
506,"DOVAL ","M"
507,"DR. ","M"
508,"DUARTE ","M"
509,"DURVAL ","M"
510,"DURVALINO ","M"
511,"DUSTAN ","M"
512,"EALTON ","M"
513,"EBER ","M"
514,"ED ","M"
515,"EDDY ","M"
516,"EDELCIO ","M"
517,"EDELMANDO ","M"
518,"EDELSON ","M"
519,"EDEM ","M"
520,"EDEMILSON ","M"
521,"EDENI ","M"
522,"EDENILSON ","M"
523,"EDER ","M"
524,"EDERCIO ","M"
525,"EDERSON ","M"
526,"EDERVAL ","M"
527,"EDESIO ","M"
528,"EDÉSIO ","M"
529,"EDEVADO ","M"
530,"EDEVALDO ","M"
531,"EDGAR ","M"
532,"EDGARD ","M"
533,"EDI ","M"
534,"EDICARLOS ","M"
535,"EDILBERTO ","M"
536,"EDILOM ","M"
537,"EDILSON ","M"
538,"EDIMAR ","M"
539,"EDIMILSON ","M"
540,"EDINALDO ","M"
541,"EDINEI ","M"
542,"EDINEU ","M"
543,"EDINILTON ","M"
544,"ÉDINO ","M"
545,"EDIO ","M"
546,"ÉDIO ","M"
547,"EDIR ","M"
548,"EDIRAN ","M"
549,"EDIREZ ","M"
550,"EDISON ","M"
551,"EDIVALDO ","M"
552,"EDIVAN ","M"
553,"EDIVANILDO ","M"
554,"EDIVAR ","M"
555,"EDIVINO ","M"
556,"EDMAR ","M"
557,"EDMILSON ","M"
558,"EDMIR ","M"
559,"EDMO ","M"
560,"EDMUNDO ","M"
561,"EDMUR ","M"
562,"EDNALDO ","M"
563,"EDNEI ","M"
564,"EDNEU ","M"
565,"EDNEY ","M"
566,"EDNILSON ","M"
567,"EDNILTON ","M"
568,"EDNYLSON ","M"
569,"ÉDONY ","M"
570,"EDRISIO ","M"
571,"EDSEL ","M"
572,"EDSON ","M"
573,"EDUANI ","M"
574,"EDUARDO ","M"
575,"EDUARTE ","M"
576,"EDVAL ","M"
577,"EDVALDO ","M"
578,"EDVANDO ","M"
579,"EDVILSON ","M"
580,"EDWARD ","M"
581,"EGIDIO ","M"
582,"EGNALDO ","M"
583,"EGON ","M"
584,"EIBERT ","M"
585,"EIDI ","M"
586,"EIDNALVO ","M"
587,"EIJI ","M"
588,"EILSON ","M"
589,"ELCIO ","M"
590,"ÉLCIO ","M"
591,"ELCY ","M"
592,"ELDER ","M"
593,"ELEANDRO ","M"
594,"ELENILSON ","M"
595,"ELI ","M"
596,"ELIAS ","M"
597,"ELIE ","M"
598,"ELIÉDERSON ","M"
599,"ELIEL ","M"
600,"ELIELSON ","M"
601,"ELIELTON ","M"
602,"ELIENAI ","M"
603,"ELIESIO ","M"
604,"ELIEZER ","M"
605,"ELIJAH ","M"
606,"ELIO ","M"
607,"ELIOENAY ","M"
608,"ELIOMAR ","M"
609,"ELISEU ","M"
610,"ELISIO ","M"
611,"ELISSON ","M"
612,"ELIVAR ","M"
613,"ELIZEU ","M"
614,"ELIZIARIO ","M"
615,"ELIZIÉR ","M"
616,"ELMAR ","M"
617,"ELMO ","M"
618,"ELOAR ","M"
619,"ELOI ","M"
620,"ELOIZO ","M"
621,"ELOY ","M"
622,"ELSON ","M"
623,"ELTON ","M"
624,"ELVANI ","M"
625,"ELVIO ","M"
626,"ELVIS ","M"
627,"ELZO ","M"
628,"EMANOEL ","M"
629,"EMANUEL ","M"
630,"EMERSON ","M"
631,"ÉMERSON ","M"
632,"EMILIANO ","M"
633,"EMILIO ","M"
634,"EMÍLIO ","M"
635,"EMÍLSON ","M"
636,"EMILTON ","M"
637,"EMIR ","M"
638,"EMIRALDO ","M"
639,"EMMANUEL ","M"
640,"ENALDO ","M"
641,"ENALDYÊ ","M"
642,"ENDRIGO ","M"
643,"ENEAS ","M"
644,"ENEIAS ","M"
645,"ENILSON ","M"
646,"ENIO ","M"
647,"ENITHEVALDO ","M"
648,"ENOCHX ","M"
649,"ENOQUE ","M"
650,"ENRICO ","M"
651,"ENZO ","M"
652,"EPITACIO ","M"
653,"ERALDO ","M"
654,"ERAN ","M"
655,"ERASMO ","M"
656,"ERECIANO ","M"
657,"ERIC ","M"
658,"ERICIO ","M"
659,"ERICK ","M"
660,"ÉRICO ","M"
661,"ERICSSON ","M"
662,"ERIK ","M"
663,"ERINALDO ","M"
664,"ERIOSVALDO ","M"
665,"ERIVALDO ","M"
666,"ERIVAN ","M"
667,"ERIVELTO ","M"
668,"ERIVELTON ","M"
669,"ERMENSON ","M"
670,"ERNANDE ","M"
671,"ERNANDES ","M"
672,"ERNANE ","M"
673,"ERNANI ","M"
674,"ERNESTO ","M"
675,"EROALDO ","M"
676,"ERON ","M"
677,"ERONIDES ","M"
678,"EROS ","M"
679,"ESDRAS ","M"
680,"ESEQUIEL ","M"
681,"ESMERALDO ","M"
682,"ESPEDITO ","M"
683,"ESTEFANO ","M"
684,"ESTEVAO ","M"
685,"ESTEVON ","M"
686,"ETELINO ","M"
687,"ETENILDO ","M"
688,"ETEVALDO ","M"
689,"ETHIENNI ","M"
690,"ETRUS ","M"
691,"ETTORI ","M"
692,"EUCLIDES ","M"
693,"EUDES ","M"
694,"EUGÊNIO ","M"
695,"EULER ","M"
696,"EULO ","M"
697,"EUNÁPIO ","M"
698,"EURICO ","M"
699,"EURIPEDES ","M"
700,"EUSEBIO ","M"
701,"EUSÉBIO ","M"
702,"EUSTAQUIO ","M"
703,"EUVALDO ","M"
704,"EUVANDERSON ","M"
705,"EUZÉBIO ","M"
706,"EVALDO ","M"
707,"EVANDO ","M"
708,"EVANDRO ","M"
709,"EVARISTO ","M"
710,"EVERALDO ","M"
711,"EVERTOM ","M"
712,"EVERTON ","M"
713,"EWERTON ","M"
714,"EXPEDITO ","M"
715,"EZAQUEU ","M"
716,"EZEQUIEL ","M"
717,"EZIQUIEL ","M"
718,"FABIAN ","M"
719,"FABIANO ","M"
720,"FABIO ","M"
721,"FÁBIO ","M"
722,"FABIUS ","M"
723,"FABRICIO ","M"
724,"FABRÍCIO ","M"
725,"FABRIZIO ","M"
726,"FAIÇAL ","M"
727,"FARLEY ","M"
728,"FATIMO ","M"
729,"FAUSTO ","M"
730,"FAUZER ","M"
731,"FEDERICO ","M"
732,"FELICE ","M"
733,"FELICIANO ","M"
734,"FELINTO ","M"
735,"FELIPE ","M"
736,"FELIX ","M"
737,"FELLIPE ","M"
738,"FERNANDO ","M"
739,"FERRÚCIO ","M"
740,"FIDELCINO ","M"
741,"FILADELFO ","M"
742,"FILIPE ","M"
743,"FLAVIANO ","M"
744,"FLAVIO ","M"
745,"FLÁVIO ","M"
746,"FLEDILSON ","M"
747,"FLORENCIO ","M"
748,"FLORIANO ","M"
749,"FLORISVALDO ","M"
750,"FORTUNATO ","M"
751,"FRANCCESCO ","M"
752,"FRANCESCO ","M"
753,"FRANCIMAR ","M"
754,"FRANCIMARIO ","M"
755,"FRANCISCO ","M"
756,"FRANCISDIL ","M"
757,"FRANCISLENO ","M"
758,"FRANCISNEI ","M"
759,"FRANCISO ","M"
760,"FRANCIVAL ","M"
761,"FRANCK ","M"
762,"FRANCO ","M"
763,"FRANKLIN ","M"
764,"FRED ","M"
765,"FREDERICO ","M"
766,"FREDISON ","M"
767,"FRENANDO ","M"
768,"FUAD ","M"
769,"GABRIEL ","M"
770,"GABRIELSINISCALCHI ","M"
771,"GAETAN ","M"
772,"GALILEO ","M"
773,"GALO ","M"
774,"GARBO ","M"
775,"GASPAR ","M"
776,"GASTÃO ","M"
777,"GASTON ","M"
778,"GAUDENCIO ","M"
779,"GEAN ","M"
780,"GEAZE ","M"
781,"GEAZI ","M"
782,"GEDEON ","M"
783,"GEDOR ","M"
784,"GEIR ","M"
785,"GELSON ","M"
786,"GENALDO ","M"
787,"GENES ","M"
788,"GENESIO ","M"
789,"GENEZIO ","M"
790,"GENILDO ","M"
791,"GENIVAL ","M"
792,"GENIVALDO ","M"
793,"GENOVEZ ","M"
794,"GENTIL ","M"
795,"GEORG ","M"
796,"GEORGE ","M"
797,"GEOVAN ","M"
798,"GEOVANE ","M"
799,"GEOVANI ","M"
800,"GEOVÂNNIO ","M"
801,"GERALDINO ","M"
802,"GERALDO ","M"
803,"GERARDO ","M"
804,"GERCI ","M"
805,"GERCINO ","M"
806,"GERD ","M"
807,"GEREMIAS ","M"
808,"GERHARD ","M"
809,"GERLÂNIO ","M"
810,"GERMINO ","M"
811,"GERSÉ ","M"
812,"GERSINO ","M"
813,"GERSON ","M"
814,"GESNER ","M"
815,"GESSÉ ","M"
816,"GESSER ","M"
817,"GETULIO ","M"
818,"GETÚLIO ","M"
819,"GIANCARLO ","M"
820,"GIANNI ","M"
821,"GIANPAULO ","M"
822,"GIDELTO ","M"
823,"GIDEVALDO ","M"
824,"GIL ","M"
825,"GILBERTO ","M"
826,"GILCEI ","M"
827,"GILDENOR ","M"
828,"GILDEVANIO ","M"
829,"GILDO ","M"
830,"GILENE ","M"
831,"GILFRAN ","M"
832,"GILIALDO ","M"
833,"GILMAR ","M"
834,"GILNADEJE ","M"
835,"GILSOM ","M"
836,"GILSON ","M"
837,"GILTON ","M"
838,"GILVAN ","M"
839,"GILVANDO ","M"
840,"GILVANE ","M"
841,"GILVANIO ","M"
842,"GILVERTON ","M"
843,"GINALDO ","M"
844,"GINEZ ","M"
845,"GIOLIANO ","M"
846,"GIOMAR ","M"
847,"GIORGIO ","M"
848,"GIOVANE ","M"
849,"GIOVANI ","M"
850,"GIOVANNI ","M"
851,"GIRSON ","M"
852,"GISLANDIO ","M"
853,"GIULIAN ","M"
854,"GIULIANO ","M"
855,"GIULIO ","M"
856,"GIUSEPE ","M"
857,"GIUSEPPE ","M"
858,"GIUVAM ","M"
859,"GIVALDO ","M"
860,"GIVANIL ","M"
861,"GIVANILDO ","M"
862,"GLADSON ","M"
863,"GLAICON ","M"
864,"GLAUBER ","M"
865,"GLAUCIO ","M"
866,"GLÁUCIO ","M"
867,"GLAUCO ","M"
868,"GLAYDSON ","M"
869,"GLEIBSON ","M"
870,"GLEISON ","M"
871,"GLEISSON ","M"
872,"GLÊNIO ","M"
873,"GLEYDSON ","M"
874,"GONÇALO ","M"
875,"GONZALO ","M"
876,"GORO ","M"
877,"GRACCO ","M"
878,"GRACILIANO ","M"
879,"GREGORIO ","M"
880,"GRIMALDO ","M"
881,"GUARANY ","M"
882,"GUIDO ","M"
883,"GUILHERME ","M"
884,"GUILLAUME ","M"
885,"GUILLERMO ","M"
886,"GUINALDO ","M"
887,"GUINEL ","M"
888,"GULIVER ","M"
889,"GUMERCINDO ","M"
890,"GUNTHER ","M"
891,"GUO ","M"
892,"GUSTAVO ","M"
893,"GUTEMBERG ","M"
894,"GYLSON ","M"
895,"HADRIANO ","M"
896,"HAIRTON ","M"
897,"HAJIME ","M"
898,"HAMILTON ","M"
899,"HANNO ","M"
900,"HANS ","M"
901,"HAROLDO ","M"
902,"HARUMI ","M"
903,"HARUO ","M"
904,"HAYLSON ","M"
905,"HECTOR ","M"
906,"HÉCTOR ","M"
907,"HEDER ","M"
908,"HEISUKE ","M"
909,"HEITOR ","M"
910,"HELBERT ","M"
911,"HELDER ","M"
912,"HELENO ","M"
913,"HELIBERTO ","M"
914,"HELIO ","M"
915,"HÉLIO ","M"
916,"HELMUT ","M"
917,"HELTON ","M"
918,"HELVECIO ","M"
919,"HELVÉCIO ","M"
920,"HELVIO ","M"
921,"HELY ","M"
922,"HEMERSSON ","M"
923,"HENNING ","M"
924,"HENRI ","M"
925,"HENRIQUE ","M"
926,"HERÁCLITO ","M"
927,"HERALDO ","M"
928,"HERBERT ","M"
929,"HERCILIO ","M"
930,"HERCIO ","M"
931,"HERCULES ","M"
932,"HERIVELTO ","M"
933,"HERIVELTON ","M"
934,"HERMANO ","M"
935,"HERMENEGILDO ","M"
936,"HERMES ","M"
937,"HERMINIO ","M"
938,"HERNANDES ","M"
939,"HERNANI ","M"
940,"HERNERIO ","M"
941,"HERONIDES ","M"
942,"HERVAL ","M"
943,"HIDEO ","M"
944,"HIELSON ","M"
945,"HILDE ","M"
946,"HILTON ","M"
947,"HIPOLITO ","M"
948,"HIROTSU ","M"
949,"HOMERO ","M"
950,"HONERO ","M"
951,"HORACIO ","M"
952,"HORMINO ","M"
953,"HOSANIEL ","M"
954,"HUBERT ","M"
955,"HUDSON ","M"
956,"HUGO ","M"
957,"HUGUES ","M"
958,"HUMBERTO ","M"
959,"HUNALD ","M"
960,"IATA ","M"
961,"IBERÊ ","M"
962,"IDAEL ","M"
963,"IDALTO ","M"
964,"IDE ","M"
965,"IDELFONSO ","M"
966,"IDINEI ","M"
967,"IGOR ","M"
968,"ILÇO ","M"
969,"ILDEBRANDO ","M"
970,"ILDEFONSO ","M"
971,"ILDEMAR ","M"
972,"ILIDIO ","M"
973,"ILSON ","M"
974,"ILTON ","M"
975,"IMAD ","M"
976,"INACIO ","M"
977,"INÁCIO ","M"
978,"INALDO ","M"
979,"INGO ","M"
980,"INOCÊNCIO ","M"
981,"IOSHIAKI ","M"
982,"IRAI ","M"
983,"IRAMAR ","M"
984,"IRANILDO ","M"
985,"IRENIO ","M"
986,"IRENO ","M"
987,"IRES ","M"
988,"IRINEU ","M"
989,"IRIO ","M"
990,"IRIS ","M"
991,"IRNALDO ","M"
992,"IRSON ","M"
993,"ISAAC ","M"
994,"ISAC ","M"
995,"ISAIAS ","M"
996,"ISAIEL ","M"
997,"ISALTINO ","M"
998,"ISAMU ","M"
999,"ISAN ","M"
1000,"ISAURO ","M"
1001,"ISI ","M"
1002,"ISIDÓRIO ","M"
1003,"ISMAEL ","M"
1004,"ISMAR ","M"
1005,"ISNAEL ","M"
1006,"ISNALDO ","M"
1007,"ISRAEL ","M"
1008,"ISSAM ","M"
1009,"ISTADEU ","M"
1010,"ITACIR ","M"
1011,"ITALO ","M"
1012,"ITAMAR ","M"
1013,"ITEMILTON ","M"
1014,"IURI ","M"
1015,"IVÃ ","M"
1016,"IVAIR ","M"
1017,"IVALDO ","M"
1018,"IVAN ","M"
1019,"IVANDARO ","M"
1020,"IVANE ","M"
1021,"IVANI ","M"
1022,"IVANILDO ","M"
1023,"IVANIR ","M"
1024,"IVANO ","M"
1025,"IVAR ","M"
1026,"IVERALDO ","M"
1027,"IVO ","M"
1028,"IVONIR ","M"
1029,"IVSON ","M"
1030,"IZAEL ","M"
1031,"IZAQUE ","M"
1032,"IZAURINO ","M"
1033,"IZOMAR ","M"
1034,"JABSON ","M"
1035,"JACIMAR ","M"
1036,"JACK ","M"
1037,"JACKSON ","M"
1038,"JACOB ","M"
1039,"JADER ","M"
1040,"JADERSON ","M"
1041,"JADIR ","M"
1042,"JAE ","M"
1043,"JAEL ","M"
1044,"JAI ","M"
1045,"JAILSON ","M"
1046,"JAILTON ","M"
1047,"JAIME ","M"
1048,"JAIR ","M"
1049,"JAIRO ","M"
1050,"JAISON ","M"
1051,"JAMES ","M"
1052,"JAMIL ","M"
1053,"JAMIR ","M"
1054,"JAMIRO ","M"
1055,"JAN ","M"
1056,"JANARI ","M"
1057,"JANDUIR ","M"
1058,"JANEDSON ","M"
1059,"JANEOVAN ","M"
1060,"JANES ","M"
1061,"JANIO ","M"
1062,"JÂNIO ","M"
1063,"JANSÊNIO ","M"
1064,"JANSLEY ","M"
1065,"JANUARIO ","M"
1066,"JANUÁRIO ","M"
1067,"JANUNCIO ","M"
1068,"JAQUES ","M"
1069,"JARBAS ","M"
1070,"JARDEL ","M"
1071,"JARIR ","M"
1072,"JASON ","M"
1073,"JASPER ","M"
1074,"JAYME ","M"
1075,"JEAN ","M"
1076,"JEFERSON ","M"
1077,"JEFFERSON ","M"
1078,"JEFFREY ","M"
1079,"JENIVALDO ","M"
1080,"JENKINS ","M"
1081,"JEOACAZ ","M"
1082,"JEOBSON ","M"
1083,"JEOSADAQUE ","M"
1084,"JEOVA ","M"
1085,"JEOVANE ","M"
1086,"JEOVANI ","M"
1087,"JERCINOEL ","M"
1088,"JEREMIAS ","M"
1089,"JERILSON ","M"
1090,"JERONIMO ","M"
1091,"JERONYMO ","M"
1092,"JERRY ","M"
1093,"JERSON ","M"
1094,"JESS ","M"
1095,"JESSE ","M"
1096,"JESSÉ ","M"
1097,"JESUINO ","M"
1098,"JESUS ","M"
1099,"JEVERSON ","M"
1100,"JHONNY ","M"
1101,"JHONY ","M"
1102,"JILDERLON ","M"
1103,"JILVAN ","M"
1104,"JIRINALDO ","M"
1105,"JIRO ","M"
1106,"JIVANILDO ","M"
1107,"JOACHIM ","M"
1108,"JOACI ","M"
1109,"JOANES ","M"
1110,"JOAO ","M"
1111,"JOÃO ","M"
1112,"JOAQUIM ","M"
1113,"JOAREZ ","M"
1114,"JOÁS ","M"
1115,"JOBERTO ","M"
1116,"JOBSON ","M"
1117,"JOCELI ","M"
1118,"JOCELIN ","M"
1119,"JOCEMAR ","M"
1120,"JOCIVALDO ","M"
1121,"JODEIR ","M"
1122,"JOEDILSON ","M"
1123,"JOEDIR ","M"
1124,"JOEILTON ","M"
1125,"JOEL ","M"
1126,"JOELMIR ","M"
1127,"JOELSON ","M"
1128,"JOFRE ","M"
1129,"JOHANN ","M"
1130,"JOHN ","M"
1131,"JOÍLDES ","M"
1132,"JOILSON ","M"
1133,"JOMAR ","M"
1134,"JONAS ","M"
1135,"JONATAN ","M"
1136,"JÔNATAS ","M"
1137,"JONATHA ","M"
1138,"JONATHAN ","M"
1139,"JONE ","M"
1140,"JONICLEI ","M"
1141,"JONILDO ","M"
1142,"JONILSON ","M"
1143,"JONSHON ","M"
1144,"JORCY ","M"
1145,"JORDÃO ","M"
1146,"JORDELIO ","M"
1147,"JORGE ","M"
1148,"JORIVÊ ","M"
1149,"JORSELINO ","M"
1150,"JOSAFA ","M"
1151,"JOSAFÁ ","M"
1152,"JOSAFAT ","M"
1153,"JOSBECASI ","M"
1154,"JOSE ","M"
1155,"JOSÉ ","M"
1156,"JOSÈ ","M"
1157,"JOSEBIE ","M"
1158,"JOSEILTON ","M"
1159,"JOSELITO ","M"
1160,"JOSEMAR ","M"
1161,"JOSEMARIO ","M"
1162,"JOSENALDO ","M"
1163,"JOSENILDO ","M"
1164,"JOSEPH ","M"
1165,"JOSHUA ","M"
1166,"JOSIANDER ","M"
1167,"JOSIAS ","M"
1168,"JOSIEL ","M"
1169,"JOSIELDO ","M"
1170,"JOSILDO ","M"
1171,"JOSIMAR ","M"
1172,"JOSINALDO ","M"
1173,"JOSIP ","M"
1174,"JOSIVALDO ","M"
1175,"JOSUE ","M"
1176,"JOSUÉ ","M"
1177,"JOSUEL ","M"
1178,"JOSUELITO ","M"
1179,"JOSUILTON ","M"
1180,"JOTACIR ","M"
1181,"JOUBERT ","M"
1182,"JOVAIR ","M"
1183,"JOVANNI ","M"
1184,"JOVELINO ","M"
1185,"JOVENAL ","M"
1186,"JOVENIL ","M"
1187,"JOVINO ","M"
1188,"JOZINALDO ","M"
1189,"JOZIVALDO ","M"
1190,"JOZUE ","M"
1191,"JUAN ","M"
1192,"JUAREZ ","M"
1193,"JUARI ","M"
1194,"JUCELINO ","M"
1195,"JUCILEI ","M"
1196,"JUDIMAR ","M"
1197,"JUDSON ","M"
1198,"JULIAN ","M"
1199,"JULIANO ","M"
1200,"JULIO ","M"
1201,"JÚLIO ","M"
1202,"JUNE ","M"
1203,"JUNHO ","M"
1204,"JUNIOR ","M"
1205,"JUNIS ","M"
1206,"JUNIVAL ","M"
1207,"JURACI ","M"
1208,"JURACY ","M"
1209,"JURANDI ","M"
1210,"JURANDIR ","M"
1211,"JURATAÍ ","M"
1212,"JÜRGEN ","M"
1213,"JURIVALDO ","M"
1214,"JUSCELINO ","M"
1215,"JUSLEY ","M"
1216,"JUSTO ","M"
1217,"JUVENAL ","M"
1218,"JUVÊNCIO ","M"
1219,"KAMIS ","M"
1220,"KARIM ","M"
1221,"KATSUIKO ","M"
1222,"KATSUMI ","M"
1223,"KATSUO ","M"
1224,"KAUY ","M"
1225,"KAZUHIKO ","M"
1226,"KAZUHIRO ","M"
1227,"KAZUO ","M"
1228,"KAZUYOCHI ","M"
1229,"KECHI ","M"
1230,"KEIFSON ","M"
1231,"KELSON ","M"
1232,"KEN ","M"
1233,"KENEDY ","M"
1234,"KENNEDY ","M"
1235,"KENNER ","M"
1236,"KENSEI ","M"
1237,"KENSUKE ","M"
1238,"KEPLER ","M"
1239,"KHALIL ","M"
1240,"KILDER ","M"
1241,"KÍLDERE ","M"
1242,"KIYOMI ","M"
1243,"KIYOSHI ","M"
1244,"KLAUS ","M"
1245,"KLEBER ","M"
1246,"KLEIBSON ","M"
1247,"KLEITON ","M"
1248,"KOUKI ","M"
1249,"KUNIHIRO ","M"
1250,"LADISLAU ","M"
1251,"LAELSON ","M"
1252,"LAERCIO ","M"
1253,"LAÉRCIO ","M"
1254,"LAERTE ","M"
1255,"LAILSON ","M"
1256,"LAIR ","M"
1257,"LAIRTON ","M"
1258,"LAMARQUE ","M"
1259,"LAMARTINE ","M"
1260,"LARS ","M"
1261,"LAUDELINO ","M"
1262,"LAUREANO ","M"
1263,"LAURECI ","M"
1264,"LAURENILDO ","M"
1265,"LAURENT ","M"
1266,"LAURINDO ","M"
1267,"LAURO ","M"
1268,"LAYANDSON ","M"
1269,"LAZARO ","M"
1270,"LEANDRO ","M"
1271,"LEE ","M"
1272,"LEIRTON ","M"
1273,"LENALDO ","M"
1274,"LENES ","M"
1275,"LENILSO ","M"
1276,"LENILSON ","M"
1277,"LEO ","M"
1278,"LÉO ","M"
1279,"LEONARDO ","M"
1280,"LEONE ","M"
1281,"LEONEL ","M"
1282,"LEONIDAS ","M"
1283,"LEONILDO ","M"
1284,"LEONTINO ","M"
1285,"LEOPOLDO ","M"
1286,"LERVIS ","M"
1287,"LEVI ","M"
1288,"LEVY ","M"
1289,"LHIRTON ","M"
1290,"LI ","M"
1291,"LIN ","M"
1292,"LINCOLN ","M"
1293,"LINDEMBERG ","M"
1294,"LINDENBERG ","M"
1295,"LINDOLFO ","M"
1296,"LINDOMAR ","M"
1297,"LINDONJONSON ","M"
1298,"LINNEU ","M"
1299,"LINO ","M"
1300,"LINOEL ","M"
1301,"LIODONIO ","M"
1302,"LIONEL ","M"
1303,"LIONSON ","M"
1304,"LISOMAR ","M"
1305,"LOAN ","M"
1306,"LORIVAL ","M"
1307,"LOURIVAL ","M"
1308,"LUCAS ","M"
1309,"LUCELIO ","M"
1310,"LUCENO ","M"
1311,"LUCIANO ","M"
1312,"LUCILIO ","M"
1313,"LUCIMAR ","M"
1314,"LUCIO ","M"
1315,"LÚCIO ","M"
1316,"LUCIVALDO ","M"
1317,"LUDOVICO ","M"
1318,"LUIGI ","M"
1319,"LUIS ","M"
1320,"LUÍS ","M"
1321,"LUIZ ","M"
1322,"LUÍZ ","M"
1323,"LUZIMAR ","M"
1324,"LYSTER ","M"
1325,"MACIEL ","M"
1326,"MAGNO ","M"
1327,"MAICON ","M"
1328,"MALCO ","M"
1329,"MAMORU ","M"
1330,"MANABU ","M"
1331,"MANASSES ","M"
1332,"MANFRED ","M"
1333,"MANOEL ","M"
1334,"MANUEL ","M"
1335,"MANUEZO ","M"
1336,"MARÇAL ","M"
1337,"MARCEL ","M"
1338,"MARCELINO ","M"
1339,"MARCELLO ","M"
1340,"MARCELO ","M"
1341,"MARCILIO ","M"
1342,"MARCIO ","M"
1343,"MÁRCIO ","M"
1344,"MARCLOVES ","M"
1345,"MARCO ","M"
1346,"MARCONE ","M"
1347,"MARCOS ","M"
1348,"MARCUS ","M"
1349,"MARELÍGIO ","M"
1350,"MARIANO ","M"
1351,"MARICELIO ","M"
1352,"MARILDO ","M"
1353,"MARILON ","M"
1354,"MARILSON ","M"
1355,"MARINALDO ","M"
1356,"MARINO ","M"
1357,"MARINOEL ","M"
1358,"MARIO ","M"
1359,"MÁRIO ","M"
1360,"MARISVALDO ","M"
1361,"MARK ","M"
1362,"MARKUS ","M"
1363,"MARLON ","M"
1364,"MARLOS ","M"
1365,"MARLUCIO ","M"
1366,"MARSON ","M"
1367,"MARTIMINIANO ","M"
1368,"MARTIN ","M"
1369,"MARTÍN ","M"
1370,"MARTINHO ","M"
1371,"MARTINIANO ","M"
1372,"MASARU ","M"
1373,"MASAYUKI ","M"
1374,"MASCIANO ","M"
1375,"MASSAMI ","M"
1376,"MASSAO ","M"
1377,"MATEUS ","M"
1378,"MATHEUS ","M"
1379,"MATHEW ","M"
1380,"MATIAS ","M"
1381,"MATOSINHO ","M"
1382,"MATTHIAS ","M"
1383,"MATUSALEM ","M"
1384,"MAURICI ","M"
1385,"MAURICIO ","M"
1386,"MAURÍCIO ","M"
1387,"MAURICO ","M"
1388,"MAURILIO ","M"
1389,"MAURITIUS ","M"
1390,"MAURIVON ","M"
1391,"MAURIZIO ","M"
1392,"MAURO ","M"
1393,"MAX ","M"
1394,"MAXIMO ","M"
1395,"MELQUES ","M"
1396,"MELQUÍADES ","M"
1397,"MENOTI ","M"
1398,"MENOTTI ","M"
1399,"MESSIAS ","M"
1400,"MICHAEL ","M"
1401,"MICHEL ","M"
1402,"MICHELANGELO ","M"
1403,"MIGUEL ","M"
1404,"MIKHAEL ","M"
1405,"MILITÃO ","M"
1406,"MILORAD ","M"
1407,"MILSON ","M"
1408,"MILTON ","M"
1409,"MINERVINO ","M"
1410,"MINORU ","M"
1411,"MIQUÉIAS ","M"
1412,"MIRALDO ","M"
1413,"MISAIAS ","M"
1414,"MISAO ","M"
1415,"MISSAKI ","M"
1416,"MITSURU ","M"
1417,"MOACIR ","M"
1418,"MOACYR ","M"
1419,"MODESTO ","M"
1420,"MOISES ","M"
1421,"MOISÉS ","M"
1422,"MOIZES ","M"
1423,"MOIZÉS ","M"
1424,"MORALES ","M"
1425,"MORVAN ","M"
1426,"MOYSÉS ","M"
1427,"MOZART ","M"
1428,"MUHIDIN ","M"
1429,"MUNEKAZU ","M"
1430,"MURILO ","M"
1431,"MUSSA ","M"
1432,"NACIB ","M"
1433,"NACITEL ","M"
1434,"NAGAO ","M"
1435,"NAHASHON ","M"
1436,"NAILTON ","M"
1437,"NARCISO ","M"
1438,"NARDELLE ","M"
1439,"NATAL ","M"
1440,"NATALE ","M"
1441,"NATALICIO ","M"
1442,"NATALINO ","M"
1443,"NATANAEL ","M"
1444,"NAVAL ","M"
1445,"NEEMIAS ","M"
1446,"NEGIPE ","M"
1447,"NEI ","M"
1448,"NEILTON ","M"
1449,"NEISVALDO ","M"
1450,"NELCI ","M"
1451,"NÉLIO ","M"
1452,"NELLO ","M"
1453,"NELSO ","M"
1454,"NELSON ","M"
1455,"NÉLSON ","M"
1456,"NEMESIO ","M"
1457,"NEPHTALI ","M"
1458,"NERIVALDO ","M"
1459,"NESLON ","M"
1460,"NESSIM ","M"
1461,"NESTOR ","M"
1462,"NEUDIR ","M"
1463,"NEWTON ","M"
1464,"NEY ","M"
1465,"NEYBER ","M"
1466,"NEYGMAR ","M"
1467,"NEZIAS ","M"
1468,"NGAN ","M"
1469,"NICANOR ","M"
1470,"NICEMAR ","M"
1471,"NICKOLAS ","M"
1472,"NICOLAS ","M"
1473,"NICOLAU ","M"
1474,"NIGUSSE ","M"
1475,"NILO ","M"
1476,"NILSON ","M"
1477,"NILTON ","M"
1478,"NÍLVIO ","M"
1479,"NIRCEU ","M"
1480,"NIVALDO ","M"
1481,"NIVON ","M"
1482,"NOBUO ","M"
1483,"NOBUYUKI ","M"
1484,"NOEL ","M"
1485,"NOELTON ","M"
1486,"NORBERTO ","M"
1487,"NORDELIODE ","M"
1488,"NORDI ","M"
1489,"NORIVAL ","M"
1490,"NORMANDO ","M"
1491,"NORTHON ","M"
1492,"NOUFER ","M"
1493,"NSUNGU ","M"
1494,"NUNO ","M"
1495,"OBEDE ","M"
1496,"OCTAVIO ","M"
1497,"OCTÁVIO ","M"
1498,"ODAIR ","M"
1499,"ODELMO ","M"
1500,"ODEMAR ","M"
1501,"ODENIR ","M"
1502,"ODILON ","M"
1503,"ODIR ","M"
1504,"ODIRLEI ","M"
1505,"ODIRLEY ","M"
1506,"ODISSEUS ","M"
1507,"ODIVAL ","M"
1508,"ODNILSON ","M"
1509,"ODONTINO ","M"
1510,"ODUVALDO ","M"
1511,"OLAVO ","M"
1512,"OLDAQUE ","M"
1513,"OLDEMAR ","M"
1514,"OLIBERTO ","M"
1515,"OLIMPIO ","M"
1516,"OLIVAR ","M"
1517,"OLIVER ","M"
1518,"OLYMPIO ","M"
1519,"OMAR ","M"
1520,"OMERO ","M"
1521,"ONIVALDO ","M"
1522,"ONOFRE ","M"
1523,"ORALDO ","M"
1524,"ORANDI ","M"
1525,"ORESTE ","M"
1526,"ORESTES ","M"
1527,"ORIDES ","M"
1528,"ORIOVALDO ","M"
1529,"ORISVALDO ","M"
1530,"ORLANDO ","M"
1531,"ORLEANS ","M"
1532,"ORMENZINDO ","M"
1533,"OROZIMBO ","M"
1534,"OROZINO ","M"
1535,"OSCAR ","M"
1536,"OSCILD ","M"
1537,"OSMAR ","M"
1538,"OSMARINO ","M"
1539,"OSMÁRIO ","M"
1540,"OSMUNDO ","M"
1541,"OSNIVALDO ","M"
1542,"OSORIO ","M"
1543,"OSVALDO ","M"
1544,"OSVALTON ","M"
1545,"OSWALDO ","M"
1546,"OTACIANO ","M"
1547,"OTACILIO ","M"
1548,"OTACÍLIO ","M"
1549,"OTAVIANO ","M"
1550,"OTAVIO ","M"
1551,"OTÁVIO ","M"
1552,"OTHMAR ","M"
1553,"OTHON ","M"
1554,"OTONIEL ","M"
1555,"OTTON ","M"
1556,"OVIDIO ","M"
1557,"OZIEL ","M"
1558,"PABLO ","M"
1559,"PARRASIO ","M"
1560,"PASCHOAL ","M"
1561,"PASCOAL ","M"
1562,"PASQUALE ","M"
1563,"PATRICK ","M"
1564,"PAULINO ","M"
1565,"PAULO ","M"
1566,"PEDRO ","M"
1567,"PERCILIO ","M"
1568,"PERCIO ","M"
1569,"PEREGRINO ","M"
1570,"PERI ","M"
1571,"PERSIO ","M"
1572,"PÉRSIO ","M"
1573,"PERTINO ","M"
1574,"PETER ","M"
1575,"PETERSON ","M"
1576,"PETRÔNIO ","M"
1577,"PETRÚCIO ","M"
1578,"PHILLIP ","M"
1579,"PIER ","M"
1580,"PIERLUIGI ","M"
1581,"PLÁCIDO ","M"
1582,"PLINIO ","M"
1583,"PRAXEDES ","M"
1584,"QUIOXY ","M"
1585,"QUITERIO ","M"
1586,"RAELSON ","M"
1587,"RAFAEL ","M"
1588,"RAFFAEL ","M"
1589,"RAIFRAN ","M"
1590,"RAILEY ","M"
1591,"RAILTON ","M"
1592,"RAIMUNDO ","M"
1593,"RAINER ","M"
1594,"RALFIO ","M"
1595,"RALPH ","M"
1596,"RAMAH ","M"
1597,"RAMALHO ","M"
1598,"RAMILTON ","M"
1599,"RAMIREZ ","M"
1600,"RAMIRO ","M"
1601,"RAMON ","M"
1602,"RANDAL ","M"
1603,"RANDERSON ","M"
1604,"RANILSON ","M"
1605,"RAONI ","M"
1606,"RAPHAEL ","M"
1607,"RAUL ","M"
1608,"RAYMUNDO ","M"
1609,"REGINALDO ","M"
1610,"REGIS ","M"
1611,"RÉGIS ","M"
1612,"REGIVALDO ","M"
1613,"REINALDO ","M"
1614,"REINHARD ","M"
1615,"REINIS ","M"
1616,"RELTON ","M"
1617,"REMERSON ","M"
1618,"REMI ","M"
1619,"REMILTON ","M"
1620,"RENAN ","M"
1621,"RENATO ","M"
1622,"RENE ","M"
1623,"RENÉ ","M"
1624,"RENIVALDO ","M"
1625,"RENNE ","M"
1626,"RENNER ","M"
1627,"RENNY ","M"
1628,"REVAIL ","M"
1629,"REYNALDO ","M"
1630,"RICARDO ","M"
1631,"RICHARD ","M"
1632,"RIDER ","M"
1633,"RIDIS ","M"
1634,"RIKARDO ","M"
1635,"RINALDO ","M"
1636,"RINTARO ","M"
1637,"RIVALDO ","M"
1638,"RIVANILDO ","M"
1639,"RIYUSEI ","M"
1640,"ROBERIO ","M"
1641,"ROBÉRIO ","M"
1642,"ROBERSON ","M"
1643,"ROBERT ","M"
1644,"ROBERTO ","M"
1645,"ROBERTSON ","M"
1646,"ROBERVAL ","M"
1647,"ROBERVALDO ","M"
1648,"ROBINSON ","M"
1649,"ROBIS ","M"
1650,"ROBISNEI ","M"
1651,"ROBISON ","M"
1652,"RÓBISON ","M"
1653,"ROBSON ","M"
1654,"RODINEI ","M"
1655,"RODNEI ","M"
1656,"RODNEY ","M"
1657,"RODNILSON ","M"
1658,"RODOLFO ","M"
1659,"RODOLPHO ","M"
1660,"RODRIGO ","M"
1661,"ROEL ","M"
1662,"ROGACIANO ","M"
1663,"ROGÊNIO ","M"
1664,"ROGER ","M"
1665,"RÓGER ","M"
1666,"ROGERIO ","M"
1667,"ROGÉRIO ","M"
1668,"ROGES ","M"
1669,"ROKNEI ","M"
1670,"ROLANDO ","M"
1671,"ROLLAND ","M"
1672,"ROMANO ","M"
1673,"ROMAO ","M"
1674,"ROMEU ","M"
1675,"ROMILDO ","M"
1676,"ROMIR ","M"
1677,"ROMOALDO ","M"
1678,"ROMUALDO ","M"
1679,"ROMULO ","M"
1680,"RONALD ","M"
1681,"RONALDO ","M"
1682,"RONAN ","M"
1683,"RONDINELE ","M"
1684,"RONEY ","M"
1685,"RONGÉRIO ","M"
1686,"RONILDO ","M"
1687,"RONILSON ","M"
1688,"RONILTON ","M"
1689,"RONIVALDO ","M"
1690,"RONIVOM ","M"
1691,"RONNEY ","M"
1692,"RONNIE ","M"
1693,"RONNY ","M"
1694,"RONY ","M"
1695,"ROQUE ","M"
1696,"ROSALDO ","M"
1697,"ROSALINO ","M"
1698,"ROSALVO ","M"
1699,"ROSILDO ","M"
1700,"ROVERLEI ","M"
1701,"ROVILSON ","M"
1702,"RUBEM ","M"
1703,"RUBENS ","M"
1704,"RUBERVAL ","M"
1705,"RUBI ","M"
1706,"RUDELEY ","M"
1707,"RUDINEI ","M"
1708,"RUDIVAL ","M"
1709,"RUDYARD ","M"
1710,"RUEDIGER ","M"
1711,"RUGGERO ","M"
1712,"RUI ","M"
1713,"RUÍS ","M"
1714,"RUY ","M"
1715,"RYNALDO ","M"
1716,"RYOJI ","M"
1717,"SABINO ","M"
1718,"SADY ","M"
1719,"SALIN ","M"
1720,"SALMO ","M"
1721,"SALOMAO ","M"
1722,"SALVADOR ","M"
1723,"SÁLVIO ","M"
1724,"SAME ","M"
1725,"SAMIO ","M"
1726,"SAMIR ","M"
1727,"SAMMY ","M"
1728,"SAMUEL ","M"
1729,"SAMY ","M"
1730,"SANDER ","M"
1731,"SANDOVAL ","M"
1732,"SANDRO ","M"
1733,"SANGER ","M"
1734,"SANTIAGO ","M"
1735,"SANTINO ","M"
1736,"SANTO ","M"
1737,"SATOSHI ","M"
1738,"SAUL ","M"
1739,"SAULO ","M"
1740,"SÁVIO ","M"
1741,"SCHOSIRO ","M"
1742,"SEBASTIAO ","M"
1743,"SEBASTIÃO ","M"
1744,"SELMO ","M"
1745,"SENICHIRO ","M"
1746,"SERGIO ","M"
1747,"SÉRGIO ","M"
1748,"SERGYO ","M"
1749,"SERJO ","M"
1750,"SÉRVIO ","M"
1751,"SEUNG ","M"
1752,"SEVERINO ","M"
1753,"SHIGUEO ","M"
1754,"SHIGUEYUKI ","M"
1755,"SHINGI ","M"
1756,"SHINJI ","M"
1757,"SHINPEI ","M"
1758,"SHINSO ","M"
1759,"SHOJI ","M"
1760,"SHOKEM ","M"
1761,"SHOSIRO ","M"
1762,"SIDCLEI ","M"
1763,"SIDERLEI ","M"
1764,"SIDERLEY ","M"
1765,"SIDNEI ","M"
1766,"SIDNEY ","M"
1767,"SIDNI ","M"
1768,"SILAS ","M"
1769,"SILDENI ","M"
1770,"SILVAL ","M"
1771,"SILVANO ","M"
1772,"SILVÉRIO ","M"
1773,"SILVESTRE ","M"
1774,"SILVINO ","M"
1775,"SILVIO ","M"
1776,"SÍLVIO ","M"
1777,"SIMAO ","M"
1778,"SIMEÃO ","M"
1779,"SIMON ","M"
1780,"SINEZIO ","M"
1781,"SINITI ","M"
1782,"SIRLÉCIO ","M"
1783,"SIRLEI ","M"
1784,"SIVALDO ","M"
1785,"SIVIRINO ","M"
1786,"SIVONALDO ","M"
1787,"SIXTO ","M"
1788,"SOKUCHIN ","M"
1789,"SÔMULO ","M"
1790,"SONG ","M"
1791,"SOTERO ","M"
1792,"SOUZA ","M"
1793,"STANISLAV ","M"
1794,"STEFAN ","M"
1795,"STENIO ","M"
1796,"STEPHEN ","M"
1797,"SYLVÉRIO ","M"
1798,"SYLVIO ","M"
1799,"TABAJARA ","M"
1800,"TACIO ","M"
1801,"TÁCIO ","M"
1802,"TADASHI ","M"
1803,"TADEU ","M"
1804,"TAKAO ","M"
1805,"TAKASHI ","M"
1806,"TAKEMICHI ","M"
1807,"TAKESHI ","M"
1808,"TALES ","M"
1809,"TALMO ","M"
1810,"TANOS ","M"
1811,"TAQUEO ","M"
1812,"TARCISIO ","M"
1813,"TARCÍSIO ","M"
1814,"TARCISO ","M"
1815,"TARLY ","M"
1816,"TEADEU ","M"
1817,"TELMO ","M"
1818,"TEMISTOCLES ","M"
1819,"TENG ","M"
1820,"TENNISON ","M"
1821,"TEODORO ","M"
1822,"TEÓFILO ","M"
1823,"TEOMAR ","M"
1824,"TEOTONIO ","M"
1825,"TERSILDO ","M"
1826,"TERUO ","M"
1827,"TESFAYE ","M"
1828,"TETSU ","M"
1829,"TETSUGI ","M"
1830,"THEO ","M"
1831,"THÉO ","M"
1832,"THEODORO ","M"
1833,"THIAGO ","M"
1834,"THIERRY ","M"
1835,"THIERS ","M"
1836,"THOMAS ","M"
1837,"THOMAZ ","M"
1838,"TIAGO ","M"
1839,"TIBÉRIO ","M"
1840,"TIBOR ","M"
1841,"TIMOTHY ","M"
1842,"TIRSON ","M"
1843,"TITO ","M"
1844,"TJIOE ","M"
1845,"TOBIAS ","M"
1846,"TOMÁS ","M"
1847,"TOMAZ ","M"
1848,"TOMIO ","M"
1849,"TOMISLAV ","M"
1850,"TORAO ","M"
1851,"TOSHIHIRO ","M"
1852,"TOSHIMASSA ","M"
1853,"TOSHIO ","M"
1854,"TOSHIRO ","M"
1855,"TOSHIYUKI ","M"
1856,"TSUTOMU ","M"
1857,"TU ","M"
1858,"TÚLIO ","M"
1859,"TUPINAMBÁS ","M"
1860,"UBALDO ","M"
1861,"UBIRASSIM ","M"
1862,"UBIRATA ","M"
1863,"UBIRATAN ","M"
1864,"UDEMBERGUE ","M"
1865,"UILTON ","M"
1866,"UIRA ","M"
1867,"ULDIS ","M"
1868,"ULISSES ","M"
1869,"UMBERTO ","M"
1870,"URANDY ","M"
1871,"URANIO ","M"
1872,"URBANO ","M"
1873,"URIWAGNER ","M"
1874,"VAGNER ","M"
1875,"VALCIR ","M"
1876,"VALDAIR ","M"
1877,"VALDECARLOS ","M"
1878,"VALDECI ","M"
1879,"VALDECIR ","M"
1880,"VALDEIR ","M"
1881,"VALDEK ","M"
1882,"VALDELÍCIO ","M"
1883,"VALDELINO ","M"
1884,"VALDEMAR ","M"
1885,"VALDEMI ","M"
1886,"VALDEMILSON ","M"
1887,"VALDEMIR ","M"
1888,"VALDEMIRO ","M"
1889,"VALDENIR ","M"
1890,"VALDERI ","M"
1891,"VALDETE ","M"
1892,"VALDEVINO ","M"
1893,"VALDEZ ","M"
1894,"VALDIÇO ","M"
1895,"VALDIMAR ","M"
1896,"VALDIMIRO ","M"
1897,"VALDINEI ","M"
1898,"VALDIR ","M"
1899,"VALDIVINI ","M"
1900,"VALDIVINO ","M"
1901,"VALDO ","M"
1902,"VALDOMERO ","M"
1903,"VALDOMIRO ","M"
1904,"VALENTIM ","M"
1905,"VALERIO ","M"
1906,"VALMIR ","M"
1907,"VALMOR ","M"
1908,"VALNIR ","M"
1909,"VALTÉCIO ","M"
1910,"VALTER ","M"
1911,"VAMBERTO ","M"
1912,"VANDER ","M"
1913,"VANDERLEI ","M"
1914,"VANDERLEY ","M"
1915,"VANDERLI ","M"
1916,"VANDERLIN ","M"
1917,"VANDERLY ","M"
1918,"VANDERSON ","M"
1919,"VANDERVAL ","M"
1920,"VANDO ","M"
1921,"VANDUIR ","M"
1922,"VANILDO ","M"
1923,"VANOIL ","M"
1924,"VASCO ","M"
1925,"VEBER ","M"
1926,"VEIMAR ","M"
1927,"VENSCERLAU ","M"
1928,"VENTURA ","M"
1929,"VERONILDO ","M"
1930,"VICENTE ","M"
1931,"VICTOR ","M"
1932,"VILLY ","M"
1933,"VILMAR ","M"
1934,"VILSON ","M"
1935,"VILTON ","M"
1936,"VINICIO ","M"
1937,"VINICIUS ","M"
1938,"VINÍCIUS ","M"
1939,"VITAL ","M"
1940,"VITOR ","M"
1941,"VÍTOR ","M"
1942,"VITORINO ","M"
1943,"VITORIO ","M"
1944,"VITTORIO ","M"
1945,"VITURINO ","M"
1946,"VIVALDO ","M"
1947,"VLADEMIR ","M"
1948,"VLADIMIR ","M"
1949,"VOLCEI ","M"
1950,"VOLNEY ","M"
1951,"VOSCLEI ","M"
1952,"VUBAN ","M"
1953,"WADI ","M"
1954,"WAGNER ","M"
1955,"WAGTON ","M"
1956,"WALCAR ","M"
1957,"WALDECIR ","M"
1958,"WALDELI ","M"
1959,"WALDEMAR ","M"
1960,"WALDEMIR ","M"
1961,"WALDENOR ","M"
1962,"WALDETE ","M"
1963,"WALDIR ","M"
1964,"WALDOMIRO ","M"
1965,"WALID ","M"
1966,"WALKER ","M"
1967,"WALLACE ","M"
1968,"WALMIR ","M"
1969,"WALNEY ","M"
1970,"WALPHEU ","M"
1971,"WALTER ","M"
1972,"WALTERBERG ","M"
1973,"WALTÉRIO ","M"
1974,"WALTHER ","M"
1975,"WAN ","M"
1976,"WANDER ","M"
1977,"WANDERLEI ","M"
1978,"WANDERLEY ","M"
1979,"WANDERSON ","M"
1980,"WANDIR ","M"
1981,"WANDYCK ","M"
1982,"WANTUIL ","M"
1983,"WANTURI ","M"
1984,"WASHINGTON ","M"
1985,"WEBER ","M"
1986,"WEDLEY ","M"
1987,"WEDSON ","M"
1988,"WEIDER ","M"
1989,"WELBER ","M"
1990,"WELINGTON ","M"
1991,"WELITON ","M"
1992,"WELLCLEAF ","M"
1993,"WELLINGTON ","M"
1994,"WELLYGTON ","M"
1995,"WELSON ","M"
1996,"WELTON ","M"
1997,"WEN ","M"
1998,"WENDEL ","M"
1999,"WENDELL ","M"
2000,"WERNER ","M"
2001,"WESELEY ","M"
2002,"WESLEY ","M"
2003,"WESTHONKLAUSS ","M"
2004,"WILBER ","M"
2005,"WILIAM ","M"
2006,"WILIAN ","M"
2007,"WILL ","M"
2008,"WILLIAM ","M"
2009,"WILLIAN ","M"
2010,"WILLIANS ","M"
2011,"WILSON ","M"
2012,"WILTON ","M"
2013,"WITNEY ","M"
2014,"WLADEMAR ","M"
2015,"WLADIMIR ","M"
2016,"WONG ","M"
2017,"WUNENI ","M"
2018,"YAN ","M"
2019,"YANG ","M"
2020,"YANN ","M"
2021,"YASSUYOSHI ","M"
2022,"YEH ","M"
2023,"YIM ","M"
2024,"YNGLEDHAN ","M"
2025,"YOHEI ","M"
2026,"YOLANDO ","M"
2027,"YONG ","M"
2028,"YOSHIHIKO ","M"
2029,"YOSXIO ","M"
2030,"YU ","M"
2031,"YURI ","M"
2032,"YUTAKA ","M"
2033,"YVES ","M"
2034,"YVO ","M"
2035,"ZACARIAS ","M"
2036,"ZDRAVKO ","M"
2037,"ZENGLEIN ","M"
2038,"ZENILTO ","M"
2039,"ZEZITO ","M"
2040,"ZILDO ","M"
2041,"ZILMAR ","M"
2042,"ZULENO ","M"
2043,"ADDA ","F"
2044,"ADELARA ","F"
2045,"ADELIA ","F"
2046,"ADELINA ","F"
2047,"ADINETE ","F"
2048,"ADRIANA ","F"
2049,"ADRIANE ","F"
2050,"AGATHA ","F"
2051,"ALAIDE ","F"
2052,"ALANA ","F"
2053,"ALBINA ","F"
2054,"ALDENIR ","F"
2055,"ALEGRIA ","F"
2056,"ALESSANDRA ","F"
2057,"ALETÉIA ","F"
2058,"ALEXANDRA ","F"
2059,"ALICE ","F"
2060,"ALICIA ","F"
2061,"ALIDE ","F"
2062,"ALINE ","F"
2063,"ALZIRA ","F"
2064,"AMANDA ","F"
2065,"AMBROSINA ","F"
2066,"AMÉLIA ","F"
2067,"AMINADAB ","F"
2068,"ANA ","F"
2069,"ANAILZA ","F"
2070,"ANALEIA ","F"
2071,"ANALICE ","F"
2072,"ANATALIA ","F"
2073,"ANDREA ","F"
2074,"ANDRÉA ","F"
2075,"ÂNDREA ","F"
2076,"ANDREIA ","F"
2077,"ANDRÉIA ","F"
2078,"ANDREZA ","F"
2079,"ANDRILHEIA ","F"
2080,"ANGELA ","F"
2081,"ANGELICA ","F"
2082,"ANGELINA ","F"
2083,"ANGELITA ","F"
2084,"ANITA ","F"
2085,"ANNA ","F"
2086,"ANNE ","F"
2087,"ANNIA ","F"
2088,"ANTONIA ","F"
2089,"AOZENI ","F"
2090,"APARECIDA ","F"
2091,"ARETHUSA ","F"
2092,"ARIANE ","F"
2093,"ARLETE ","F"
2094,"ARLETTE ","F"
2095,"AURISTELA ","F"
2096,"AUSELICIA ","F"
2097,"AUXILIADORA ","F"
2098,"AVANI ","F"
2099,"BARBARA ","F"
2100,"BEATRIZ ","F"
2101,"BENEDITA ","F"
2102,"BENILDE ","F"
2103,"BERENICE ","F"
2104,"BERNADETE ","F"
2105,"BERNARDINA ","F"
2106,"BERTA ","F"
2107,"BIZUNISH ","F"
2108,"BRANCA ","F"
2109,"BRIGIDA ","F"
2110,"BRUNA ","F"
2111,"CAMILA ","F"
2112,"CANDIDA ","F"
2113,"CAREN ","F"
2114,"CARLA ","F"
2115,"CARMEM ","F"
2116,"CARMEN ","F"
2117,"CÁRMEN ","F"
2118,"CARMENCITA ","F"
2119,"CAROLINA ","F"
2120,"CASSIA ","F"
2121,"CÁSSIA ","F"
2122,"CATARINA ","F"
2123,"CÁTIA ","F"
2124,"CECILIA ","F"
2125,"CECÍLIA ","F"
2126,"CELCINA ","F"
2127,"CELIA ","F"
2128,"CÉLIA ","F"
2129,"CELINA ","F"
2130,"CELLY ","F"
2131,"CELSI ","F"
2132,"CENIRA ","F"
2133,"CÉPHORA ","F"
2134,"CHARLLENY ","F"
2135,"CHRISTHIANNE ","F"
2136,"CHRISTIANNE ","F"
2137,"CHRISTINA ","F"
2138,"CHRISTINE ","F"
2139,"CIBELE ","F"
2140,"CICERA ","F"
2141,"CILENE ","F"
2142,"CINARA ","F"
2143,"CINTHIA ","F"
2144,"CINTIA ","F"
2145,"CÍNTIA ","F"
2146,"CIRENE ","F"
2147,"CLARICE ","F"
2148,"CLARITA ","F"
2149,"CLAUDETE ","F"
2150,"CLAUDIA ","F"
2151,"CLÁUDIA ","F"
2152,"CLAUDIELANE ","F"
2153,"CLAUDINEIA ","F"
2154,"CLEIDE ","F"
2155,"CLÉLIA ","F"
2156,"CLEONICE ","F"
2157,"CLEUNI ","F"
2158,"CONCEIÇAO ","F"
2159,"CONCEIÇÃO ","F"
2160,"CONSUELO ","F"
2161,"CORINA ","F"
2162,"CREUZA ","F"
2163,"CRISTIANA ","F"
2164,"CRISTIANE ","F"
2165,"CRISTIANI ","F"
2166,"CRISTINA ","F"
2167,"CRUZ ","F"
2168,"CYNTHIA ","F"
2169,"CYNTIA ","F"
2170,"DAILY ","F"
2171,"DALVA ","F"
2172,"DAMARIS ","F"
2173,"DAMIANA ","F"
2174,"DANAE ","F"
2175,"DANIELA ","F"
2176,"DANIELE ","F"
2177,"DANIELLA ","F"
2178,"DANIELLE ","F"
2179,"DAYANI ","F"
2180,"DEBORA ","F"
2181,"DÉBORA ","F"
2182,"DEBORAH ","F"
2183,"DEISE ","F"
2184,"DELICIA ","F"
2185,"DELSA ","F"
2186,"DENELI ","F"
2187,"DENISE ","F"
2188,"DENY ","F"
2189,"DESIRÊ ","F"
2190,"DIANE ","F"
2191,"DIJOSILENE ","F"
2192,"DILMA ","F"
2193,"DINA ","F"
2194,"DINÊS ","F"
2195,"DIONE ","F"
2196,"DIONEIA ","F"
2197,"DIRCE ","F"
2198,"DJACI ","F"
2199,"DJANIRA ","F"
2200,"DORACY ","F"
2201,"DORALICE ","F"
2202,"DULCE ","F"
2203,"DULCELENE ","F"
2204,"EDCLEUMA ","F"
2205,"EDELSWITHA ","F"
2206,"EDILENA ","F"
2207,"EDILEUZA ","F"
2208,"EDINA ","F"
2209,"EDINAR ","F"
2210,"EDIRACI ","F"
2211,"EDITH ","F"
2212,"EDIVÂNIA ","F"
2213,"EDJANE ","F"
2214,"EDNA ","F"
2215,"EDNALVA ","F"
2216,"EDWIRGES ","F"
2217,"EINI ","F"
2218,"ELAINE ","F"
2219,"ELAN ","F"
2220,"ELBA ","F"
2221,"ELCI ","F"
2222,"ELEN ","F"
2223,"ELENI ","F"
2224,"ELENICE ","F"
2225,"ELENIL ","F"
2226,"ELENILZA ","F"
2227,"ELENITA ","F"
2228,"ELEONORA ","F"
2229,"ELETE ","F"
2230,"ELIANA ","F"
2231,"ELIANAY ","F"
2232,"ELIANE ","F"
2233,"ELÍDIA ","F"
2234,"ELIENE ","F"
2235,"ELIETE ","F"
2236,"ELISA ","F"
2237,"ELISABETE ","F"
2238,"ELISABETH ","F"
2239,"ELISANGELA ","F"
2240,"ELISE ","F"
2241,"ELISENA ","F"
2242,"ELISETE ","F"
2243,"ELISIA ","F"
2244,"ELISLABELLE ","F"
2245,"ELITA ","F"
2246,"ELIUDE ","F"
2247,"ELIVANA ","F"
2248,"ELIZA ","F"
2249,"ELIZABETE ","F"
2250,"ELIZABETH ","F"
2251,"ELIZABETTH ","F"
2252,"ELIZAERTE ","F"
2253,"ELIZANGELA ","F"
2254,"ELIZETE ","F"
2255,"ELIZETHE ","F"
2256,"ELLEN ","F"
2257,"ELMA ","F"
2258,"ELOA ","F"
2259,"ELOISA ","F"
2260,"ELVIRA ","F"
2261,"ELZA ","F"
2262,"EMÍLIA ","F"
2263,"ENEIDA ","F"
2264,"ENI ","F"
2265,"ERICA ","F"
2266,"ÉRICA ","F"
2267,"ERÍDICE ","F"
2268,"ERIKA ","F"
2269,"ERINEIDE ","F"
2270,"ESTELA ","F"
2271,"ESTER ","F"
2272,"EULA ","F"
2273,"EULÁLIA ","F"
2274,"EUNICE ","F"
2275,"EVA ","F"
2276,"EVANY ","F"
2277,"EVELY ","F"
2278,"EVELYN ","F"
2279,"FABIANA ","F"
2280,"FABIANE ","F"
2281,"FABIOLA ","F"
2282,"FABÍOLA ","F"
2283,"FABRISA ","F"
2284,"FATIMA ","F"
2285,"FÁTIMA ","F"
2286,"FERNANDA ","F"
2287,"FILOMENA ","F"
2288,"FLAVIA ","F"
2289,"FLÁVIA ","F"
2290,"FLORACI ","F"
2291,"FLORMIRA ","F"
2292,"FRANCISCA ","F"
2293,"FRANZISKA ","F"
2294,"FUSAKO ","F"
2295,"GABRIELA ","F"
2296,"GABRIELLE ","F"
2297,"GEISA ","F"
2298,"GENI ","F"
2299,"GENY ","F"
2300,"GERUSA ","F"
2301,"GILBERTIANA ","F"
2302,"GILCA ","F"
2303,"GILDETE ","F"
2304,"GIOVANA ","F"
2305,"GISELE ","F"
2306,"GISELI ","F"
2307,"GISÉLIA ","F"
2308,"GISELLE ","F"
2309,"GISLAINE ","F"
2310,"GIUMA ","F"
2311,"GLACI ","F"
2312,"GLACIR ","F"
2313,"GLAUCIA ","F"
2314,"GLÁUCIA ","F"
2315,"GLEUZA ","F"
2316,"GLORINEIDE ","F"
2317,"GORETTI ","F"
2318,"GRAZIELA ","F"
2319,"GRAZIELLA ","F"
2320,"GRÉCIA ","F"
2321,"GUADALUPE ","F"
2322,"GUO ","F"
2323,"HE ","F"
2324,"HELENA ","F"
2325,"HELOISA ","F"
2326,"HELOIZA ","F"
2327,"HERCILIA ","F"
2328,"HILCA ","F"
2329,"HILZA ","F"
2330,"HIROMI ","F"
2331,"HO ","F"
2332,"HOSANA ","F"
2333,"HUGUETTI ","F"
2334,"IARA ","F"
2335,"IARALI ","F"
2336,"IDALIA ","F"
2337,"IDALINA ","F"
2338,"IEDA ","F"
2339,"ILANA ","F"
2340,"ILKA ","F"
2341,"ILMA ","F"
2342,"ILZA ","F"
2343,"INÊS ","F"
2344,"INESSA ","F"
2345,"IOLANDA ","F"
2346,"IONE ","F"
2347,"IRA ","F"
2348,"IRACEMA ","F"
2349,"IRACILDA ","F"
2350,"IRACY ","F"
2351,"IRISMAR ","F"
2352,"IRLENE ","F"
2353,"ISABEL ","F"
2354,"ISAURA ","F"
2355,"IVANEIDE ","F"
2356,"IVANI ","F"
2357,"IVONETE ","F"
2358,"IVONISE ","F"
2359,"IZABEL ","F"
2360,"IZAMAR ","F"
2361,"IZAURA ","F"
2362,"IZILDA ","F"
2363,"IZIS ","F"
2364,"JACIRA ","F"
2365,"JANETE ","F"
2366,"JANETTE ","F"
2367,"JANIRA ","F"
2368,"JANIVAN ","F"
2369,"JAQUELINA ","F"
2370,"JAQUELINE ","F"
2371,"JEANE ","F"
2372,"JEMIMA ","F"
2373,"JENIFER ","F"
2374,"JEOVANA ","F"
2375,"JEVETIC ","F"
2376,"JIMENA ","F"
2377,"JIUCELIA ","F"
2378,"JOANA ","F"
2379,"JOCE ","F"
2380,"JOCELI ","F"
2381,"JOELMA ","F"
2382,"JONELICE ","F"
2383,"JOSEANE ","F"
2384,"JOSEFA ","F"
2385,"JOSEFINA ","F"
2386,"JOSEILDA ","F"
2387,"JOSELITA ","F"
2388,"JOSENILDE ","F"
2389,"JOSIANE ","F"
2390,"JOSIENE ","F"
2391,"JOSILENE ","F"
2392,"JOSIMARA ","F"
2393,"JOYCE ","F"
2394,"JUANA ","F"
2395,"JUCEMARA ","F"
2396,"JUDITH ","F"
2397,"JULIA ","F"
2398,"JULIANA ","F"
2399,"JULIANE ","F"
2400,"JULIE ","F"
2401,"JUMARA ","F"
2402,"JUNE ","F"
2403,"JUNG ","F"
2404,"JUNIA ","F"
2405,"JUREMA ","F"
2406,"JURUCÊ ","F"
2407,"JUSSARA ","F"
2408,"JUSSIANE ","F"
2409,"KACIA ","F"
2410,"KAREN ","F"
2411,"KARIN ","F"
2412,"KARINA ","F"
2413,"KARINE ","F"
2414,"KARLA ","F"
2415,"KATIA ","F"
2416,"KÁTIA ","F"
2417,"KATIAS ","F"
2418,"KAZUKO ","F"
2419,"KAZUMI ","F"
2420,"KELIN ","F"
2421,"KELLY ","F"
2422,"KÉLVIA ","F"
2423,"KELY ","F"
2424,"KEYLLA ","F"
2425,"KIYOKO ","F"
2426,"KYOKO ","F"
2427,"LAINE ","F"
2428,"LAÍS ","F"
2429,"LARA ","F"
2430,"LARISSA ","F"
2431,"LAURA ","F"
2432,"LAURILAN ","F"
2433,"LAZARA ","F"
2434,"LEA ","F"
2435,"LEANDRA ","F"
2436,"LÊDA ","F"
2437,"LEILA ","F"
2438,"LENY ","F"
2439,"LENYCIA ","F"
2440,"LEONE ","F"
2441,"LESLIE ","F"
2442,"LETICIA ","F"
2443,"LEUNIDAS ","F"
2444,"LIANA ","F"
2445,"LÍDIA ","F"
2446,"LIDIANA ","F"
2447,"LIGERIA ","F"
2448,"LIGIA ","F"
2449,"LÍGIA ","F"
2450,"LILI ","F"
2451,"LILIAM ","F"
2452,"LILIAN ","F"
2453,"LILIANA ","F"
2454,"LILIANE ","F"
2455,"LILLIAN ","F"
2456,"LINDALVA ","F"
2457,"LISSETTE ","F"
2458,"LÍVIA ","F"
2459,"LOIDE ","F"
2460,"LORENA ","F"
2461,"LORENE ","F"
2462,"LOUISE ","F"
2463,"LOURDES ","F"
2464,"LUANNA ","F"
2465,"LUCELIA ","F"
2466,"LUCIA ","F"
2467,"LÚCIA ","F"
2468,"LUCIANA ","F"
2469,"LUCIANE ","F"
2470,"LUCICLEIDE ","F"
2471,"LUCILENE ","F"
2472,"LUCIMARA ","F"
2473,"LUCINEIDE ","F"
2474,"LUDYENNE ","F"
2475,"LUISA ","F"
2476,"LUIZA ","F"
2477,"LUO ","F"
2478,"LUSIMEIRE ","F"
2479,"LUSSANDRA ","F"
2480,"LUZIA ","F"
2481,"LYDIA ","F"
2482,"MABILIA ","F"
2483,"MAEVE ","F"
2484,"MAGALI ","F"
2485,"MAGDA ","F"
2486,"MAILA ","F"
2487,"MAILDE ","F"
2488,"MAIRA ","F"
2489,"MAÍRA ","F"
2490,"MAISA ","F"
2491,"MAIZA ","F"
2492,"MANUELA ","F"
2493,"MARA ","F"
2494,"MARACI ","F"
2495,"MARCELA ","F"
2496,"MARCELE ","F"
2497,"MARCIA ","F"
2498,"MÁRCIA ","F"
2499,"MARCILIA ","F"
2500,"MARGARET ","F"
2501,"MARGARETE ","F"
2502,"MARGARETH ","F"
2503,"MARGARIDA ","F"
2504,"MARIA ","F"
2505,"MARIANA ","F"
2506,"MARIANE ","F"
2507,"MARIANGELA ","F"
2508,"MARICY ","F"
2509,"MARIE ","F"
2510,"MARIELLA ","F"
2511,"MARILENA ","F"
2512,"MARILENE ","F"
2513,"MARÍLIA ","F"
2514,"MARILIS ","F"
2515,"MARILY ","F"
2516,"MARINA ","F"
2517,"MARINEIDE ","F"
2518,"MARINÊS ","F"
2519,"MARINETE ","F"
2520,"MARISA ","F"
2521,"MARISETE ","F"
2522,"MARISTELA ","F"
2523,"MARIVANIA ","F"
2524,"MARIZETE ","F"
2525,"MARLA ","F"
2526,"MARLENE ","F"
2527,"MARLETE ","F"
2528,"MARLI ","F"
2529,"MARLY ","F"
2530,"MARTA ","F"
2531,"MARTELENES ","F"
2532,"MARTHA ","F"
2533,"MARTINA ","F"
2534,"MARY ","F"
2535,"MATILDE ","F"
2536,"MAURA ","F"
2537,"MAURENI ","F"
2538,"MEIRE ","F"
2539,"MELISA ","F"
2540,"MELISSA ","F"
2541,"MERCEDES ","F"
2542,"MÉRCIA ","F"
2543,"MICHELA ","F"
2544,"MICHELLE ","F"
2545,"MILENA ","F"
2546,"MIRABEL ","F"
2547,"MIRES ","F"
2548,"MIRIAM ","F"
2549,"MITICO ","F"
2550,"MITIKO ","F"
2551,"MONICA ","F"
2552,"MÔNICA ","F"
2553,"MYRIAM ","F"
2554,"NADIA ","F"
2555,"NÁDIA ","F"
2556,"NADIR ","F"
2557,"NADJA ","F"
2558,"NAIDE ","F"
2559,"NAIORAMA ","F"
2560,"NAIR ","F"
2561,"NANCI ","F"
2562,"NANCY ","F"
2563,"NAOKO ","F"
2564,"NATALIA ","F"
2565,"NATÁLIA ","F"
2566,"NATASHA ","F"
2567,"NAYARA ","F"
2568,"NECI ","F"
2569,"NEIDE ","F"
2570,"NEIVA ","F"
2571,"NERCY ","F"
2572,"NERISSA ","F"
2573,"NEUSA ","F"
2574,"NEUZA ","F"
2575,"NÍBIA ","F"
2576,"NIDIA ","F"
2577,"NILCE ","F"
2578,"NILCEA ","F"
2579,"NILDA ","F"
2580,"NILMA ","F"
2581,"NILSA ","F"
2582,"NORA ","F"
2583,"NUBIA ","F"
2584,"NÚBIA ","F"
2585,"ODINEIDE ","F"
2586,"OLGA ","F"
2587,"OSIANE ","F"
2588,"PAOLA ","F"
2589,"PATRICIA ","F"
2590,"PATRÍCIA ","F"
2591,"PAULA ","F"
2592,"PHYLLIS ","F"
2593,"PRISCILA ","F"
2594,"PRISCILLA ","F"
2595,"QUIMIE ","F"
2596,"RACHEL ","F"
2597,"RAIMUNDA ","F"
2598,"RAQUEL ","F"
2599,"REGIANE ","F"
2600,"REGINA ","F"
2601,"REJANE ","F"
2602,"RENATA ","F"
2603,"RENATE ","F"
2604,"RENILDA ","F"
2605,"RENNE ","F"
2606,"RÉVIA ","F"
2607,"RICARDA ","F"
2608,"RITA ","F"
2609,"RIZIA ","F"
2610,"ROBERTA ","F"
2611,"ROCIO ","F"
2612,"ROCÍO ","F"
2613,"ROMILDA ","F"
2614,"ROMINA ","F"
2615,"RONIE ","F"
2616,"ROSA ","F"
2617,"ROSANA ","F"
2618,"ROSANE ","F"
2619,"ROSANGELA ","F"
2620,"ROSÂNGELA ","F"
2621,"ROSÁRIA ","F"
2622,"ROSE ","F"
2623,"ROSELI ","F"
2624,"ROSELIA ","F"
2625,"ROSELLY ","F"
2626,"ROSELY ","F"
2627,"ROSEMARY ","F"
2628,"ROSEMEIRE ","F"
2629,"ROSIENE ","F"
2630,"ROSILENE ","F"
2631,"ROSIMARI ","F"
2632,"ROSIMEIRE ","F"
2633,"ROZANIA ","F"
2634,"ROZIRENE ","F"
2635,"RUCY ","F"
2636,"RUTE ","F"
2637,"RUTH ","F"
2638,"RYA ","F"
2639,"RYOKO ","F"
2640,"SABRINA ","F"
2641,"SADAKO ","F"
2642,"SAIKINIA ","F"
2643,"SALETE ","F"
2644,"SAMIRA ","F"
2645,"SANDRA ","F"
2646,"SANY ","F"
2647,"SARA ","F"
2648,"SCHEILA ","F"
2649,"SEBASTIANA ","F"
2650,"SELMA ","F"
2651,"SEVERINA ","F"
2652,"SHEILA ","F"
2653,"SHERIDA ","F"
2654,"SHIRLEIDE ","F"
2655,"SHIRLEY ","F"
2656,"SIBÈLLE ","F"
2657,"SIDALIA ","F"
2658,"SIDINEIA ","F"
2659,"SILENE ","F"
2660,"SILMARA ","F"
2661,"SILVANA ","F"
2662,"SILVANIA ","F"
2663,"SILVIA ","F"
2664,"SIMONE ","F"
2665,"SIRLEI ","F"
2666,"SIRLENE ","F"
2667,"SOFIA ","F"
2668,"SOLANGE ","F"
2669,"SONIA ","F"
2670,"SÔNIA ","F"
2671,"SORAIA ","F"
2672,"SORAYA ","F"
2673,"STAMATIA ","F"
2674,"SU ","F"
2675,"SUELI ","F"
2676,"SULAMITA ","F"
2677,"SUMIKO ","F"
2678,"SUSANA ","F"
2679,"SUZAN ","F"
2680,"SUZANA ","F"
2681,"SYLVIA ","F"
2682,"TAIANE ","F"
2683,"TANIA ","F"
2684,"TÂNIA ","F"
2685,"TARSILA ","F"
2686,"TATIANA ","F"
2687,"TATIANI ","F"
2688,"TELMA ","F"
2689,"TERESA ","F"
2690,"TEREZA ","F"
2691,"TEREZINHA ","F"
2692,"THAÍNE ","F"
2693,"THAIS ","F"
2694,"THAISA ","F"
2695,"THAIZA ","F"
2696,"THALITA ","F"
2697,"THAMI ","F"
2698,"THELMA ","F"
2699,"THEREZA ","F"
2700,"TOCHIE ","F"
2701,"TOMICO ","F"
2702,"TOMIKO ","F"
2703,"TOYOKO ","F"
2704,"URIKA ","F"
2705,"VALDETE ","F"
2706,"VALDINEIA ","F"
2707,"VALDIRA ","F"
2708,"VALDIRENE ","F"
2709,"VALDIVINA ","F"
2710,"VALERIA ","F"
2711,"VALÉRIA ","F"
2712,"VALMIRA ","F"
2713,"VALQUIRIA ","F"
2714,"VANDA ","F"
2715,"VANDERLENE ","F"
2716,"VANESSA ","F"
2717,"VANIA ","F"
2718,"VÂNIA ","F"
2719,"VANILDA ","F"
2720,"VANISE ","F"
2721,"VENINA ","F"
2722,"VERA ","F"
2723,"VERONICA ","F"
2724,"VERÔNICA ","F"
2725,"VERUSKA ","F"
2726,"VILMA ","F"
2727,"VIRGÍNIA ","F"
2728,"VIVIAN ","F"
2729,"VIVIANA ","F"
2730,"VIVIANE ","F"
2731,"VIVIANI ","F"
2732,"VLADIA ","F"
2733,"WALDENIA ","F"
2734,"WALKIRIA ","F"
2735,"WALQUIRIA ","F"
2736,"WANDERLI ","F"
2737,"WANY ","F"
2738,"WILMA ","F"
2739,"YANINA ","F"
2740,"YIP ","F"
2741,"YOLIMAR ","F"
2742,"YONNE ","F"
2743,"YUKIKO ","F"
2744,"YUKO ","F"
2745,"YULLE ","F"
2746,"YUMI ","F"
2747,"YURIÊ ","F"
2748,"YVONNE ","F"
2749,"ZELIA ","F"
2750,"ZENAIDE ","F"
2751,"ZENILDE ","F"
2752,"ZILDA ","F"
2753,"ZILDINE ","F"
2754,"ZULAMAR ","F"
2755,"ZULEICA ","F"
